forecast_date,origin_port,destination_port,vessel_class,transit_days,avg_speed_knots
2023-01-01,BALIKPAPAN,KAMARAJAR,Supramax,7.5,12.5
2023-01-01,HAY_POINT,DHAMRA,Capesize,15.0,12.5
2023-01-01,HAY_POINT,PARADIP,Capesize,14.6,12.5
2023-01-01,HAY_POINT,VISAKHAPATNAM,Capesize,14.6,12.5
2023-01-01,MAPUTO,VISAKHAPATNAM,Panamax,15.3,12.5
2023-01-01,NEWCASTLE,DHAMRA,Panamax,15.9,12.5
2023-01-01,RICHARDS_BAY,PARADIP,Capesize,15.2,12.5
2023-01-01,TANJUNG_BARA,DHAMRA,Supramax,8.2,12.5
2023-01-01,TANJUNG_BARA,PARADIP,Supramax,7.8,12.5
2023-01-01,GLADSTONE,PARADIP,Panamax,15.5,12.5
2023-01-02,HAY_POINT,PARADIP,Capesize,15.2,12.5
2023-01-02,NEWCASTLE,DHAMRA,Panamax,14.7,12.5
2023-01-02,MAPUTO,VISAKHAPATNAM,Panamax,14.9,12.5
2023-01-02,RICHARDS_BAY,PARADIP,Capesize,15.5,12.5
2023-01-02,HAY_POINT,DHAMRA,Capesize,14.1,12.5
2023-01-02,GLADSTONE,PARADIP,Panamax,15.0,12.5
2023-01-02,TANJUNG_BARA,DHAMRA,Supramax,7.9,12.5
2023-01-02,BALIKPAPAN,KAMARAJAR,Supramax,7.6,12.5
2023-01-02,TANJUNG_BARA,PARADIP,Supramax,8.0,12.5
2023-01-02,HAY_POINT,VISAKHAPATNAM,Capesize,13.2,12.5
2023-01-03,BALIKPAPAN,KAMARAJAR,Supramax,7.0,12.5
2023-01-03,GLADSTONE,PARADIP,Panamax,14.8,12.5
2023-01-03,TANJUNG_BARA,PARADIP,Supramax,7.9,12.5
2023-01-03,TANJUNG_BARA,DHAMRA,Supramax,7.6,12.5
2023-01-03,HAY_POINT,PARADIP,Capesize,14.5,12.5
2023-01-03,RICHARDS_BAY,PARADIP,Capesize,16.0,12.5
2023-01-03,HAY_POINT,VISAKHAPATNAM,Capesize,14.5,12.5
2023-01-03,NEWCASTLE,DHAMRA,Panamax,16.0,12.5
2023-01-03,HAY_POINT,DHAMRA,Capesize,14.7,12.5
2023-01-03,MAPUTO,VISAKHAPATNAM,Panamax,15.9,12.5
2023-01-04,HAY_POINT,PARADIP,Capesize,14.6,12.5
2023-01-04,MAPUTO,VISAKHAPATNAM,Panamax,15.4,12.5
2023-01-04,HAY_POINT,VISAKHAPATNAM,Capesize,13.0,12.5
2023-01-04,HAY_POINT,DHAMRA,Capesize,14.2,12.5
2023-01-04,TANJUNG_BARA,PARADIP,Supramax,7.0,12.5
2023-01-04,RICHARDS_BAY,PARADIP,Capesize,14.3,12.5
2023-01-04,TANJUNG_BARA,DHAMRA,Supramax,7.7,12.5
2023-01-04,GLADSTONE,PARADIP,Panamax,15.4,12.5
2023-01-04,BALIKPAPAN,KAMARAJAR,Supramax,7.1,12.5
2023-01-04,NEWCASTLE,DHAMRA,Panamax,16.2,12.5
2023-01-05,GLADSTONE,PARADIP,Panamax,14.6,12.5
2023-01-05,TANJUNG_BARA,PARADIP,Supramax,6.7,12.5
2023-01-05,RICHARDS_BAY,PARADIP,Capesize,15.1,12.5
2023-01-05,HAY_POINT,PARADIP,Capesize,14.3,12.5
2023-01-05,HAY_POINT,VISAKHAPATNAM,Capesize,14.3,12.5
2023-01-05,BALIKPAPAN,KAMARAJAR,Supramax,7.7,12.5
2023-01-05,HAY_POINT,DHAMRA,Capesize,14.0,12.5
2023-01-05,NEWCASTLE,DHAMRA,Panamax,16.5,12.5
2023-01-05,TANJUNG_BARA,DHAMRA,Supramax,8.5,12.5
2023-01-05,MAPUTO,VISAKHAPATNAM,Panamax,14.8,12.5
2023-01-06,TANJUNG_BARA,PARADIP,Supramax,8.0,12.5
2023-01-06,TANJUNG_BARA,DHAMRA,Supramax,6.8,12.5
2023-01-06,RICHARDS_BAY,PARADIP,Capesize,15.3,12.5
2023-01-06,NEWCASTLE,DHAMRA,Panamax,15.0,12.5
2023-01-06,HAY_POINT,DHAMRA,Capesize,14.3,12.5
2023-01-06,MAPUTO,VISAKHAPATNAM,Panamax,13.9,12.5
2023-01-06,HAY_POINT,PARADIP,Capesize,14.4,12.5
2023-01-06,GLADSTONE,PARADIP,Panamax,14.3,12.5
2023-01-06,HAY_POINT,VISAKHAPATNAM,Capesize,14.0,12.5
2023-01-06,BALIKPAPAN,KAMARAJAR,Supramax,8.4,12.5
2023-01-07,GLADSTONE,PARADIP,Panamax,14.8,12.5
2023-01-07,TANJUNG_BARA,DHAMRA,Supramax,7.0,12.5
2023-01-07,BALIKPAPAN,KAMARAJAR,Supramax,6.2,12.5
2023-01-07,RICHARDS_BAY,PARADIP,Capesize,15.4,12.5
2023-01-07,HAY_POINT,VISAKHAPATNAM,Capesize,13.5,12.5
2023-01-07,HAY_POINT,DHAMRA,Capesize,13.6,12.5
2023-01-07,TANJUNG_BARA,PARADIP,Supramax,9.1,12.5
2023-01-07,HAY_POINT,PARADIP,Capesize,13.8,12.5
2023-01-07,MAPUTO,VISAKHAPATNAM,Panamax,15.1,12.5
2023-01-07,NEWCASTLE,DHAMRA,Panamax,15.5,12.5
2023-01-08,MAPUTO,VISAKHAPATNAM,Panamax,15.4,12.5
2023-01-08,RICHARDS_BAY,PARADIP,Capesize,16.2,12.5
2023-01-08,HAY_POINT,VISAKHAPATNAM,Capesize,14.1,12.5
2023-01-08,TANJUNG_BARA,PARADIP,Supramax,7.5,12.5
2023-01-08,GLADSTONE,PARADIP,Panamax,15.8,12.5
2023-01-08,HAY_POINT,PARADIP,Capesize,13.3,12.5
2023-01-08,NEWCASTLE,DHAMRA,Panamax,16.7,12.5
2023-01-08,TANJUNG_BARA,DHAMRA,Supramax,7.3,12.5
2023-01-08,HAY_POINT,DHAMRA,Capesize,14.0,12.5
2023-01-08,BALIKPAPAN,KAMARAJAR,Supramax,6.4,12.5
2023-01-09,GLADSTONE,PARADIP,Panamax,14.8,12.5
2023-01-09,HAY_POINT,VISAKHAPATNAM,Capesize,14.0,12.5
2023-01-09,BALIKPAPAN,KAMARAJAR,Supramax,7.3,12.5
2023-01-09,NEWCASTLE,DHAMRA,Panamax,16.4,12.5
2023-01-09,TANJUNG_BARA,PARADIP,Supramax,7.6,12.5
2023-01-09,HAY_POINT,PARADIP,Capesize,14.2,12.5
2023-01-09,HAY_POINT,DHAMRA,Capesize,13.6,12.5
2023-01-09,MAPUTO,VISAKHAPATNAM,Panamax,15.0,12.5
2023-01-09,TANJUNG_BARA,DHAMRA,Supramax,7.3,12.5
2023-01-09,RICHARDS_BAY,PARADIP,Capesize,14.3,12.5
2023-01-10,NEWCASTLE,DHAMRA,Panamax,15.3,12.5
2023-01-10,HAY_POINT,VISAKHAPATNAM,Capesize,12.9,12.5
2023-01-10,BALIKPAPAN,KAMARAJAR,Supramax,7.1,12.5
2023-01-10,GLADSTONE,PARADIP,Panamax,16.2,12.5
2023-01-10,TANJUNG_BARA,PARADIP,Supramax,7.6,12.5
2023-01-10,HAY_POINT,PARADIP,Capesize,14.8,12.5
2023-01-10,HAY_POINT,DHAMRA,Capesize,15.3,12.5
2023-01-10,MAPUTO,VISAKHAPATNAM,Panamax,14.8,12.5
2023-01-10,TANJUNG_BARA,DHAMRA,Supramax,7.9,12.5
2023-01-10,RICHARDS_BAY,PARADIP,Capesize,14.6,12.5
2023-01-11,RICHARDS_BAY,PARADIP,Capesize,15.2,12.5
2023-01-11,MAPUTO,VISAKHAPATNAM,Panamax,15.2,12.5
2023-01-11,HAY_POINT,VISAKHAPATNAM,Capesize,13.5,12.5
2023-01-11,BALIKPAPAN,KAMARAJAR,Supramax,8.0,12.5
2023-01-11,GLADSTONE,PARADIP,Panamax,14.6,12.5
2023-01-11,NEWCASTLE,DHAMRA,Panamax,16.0,12.5
2023-01-11,TANJUNG_BARA,PARADIP,Supramax,8.0,12.5
2023-01-11,HAY_POINT,DHAMRA,Capesize,13.3,12.5
2023-01-11,TANJUNG_BARA,DHAMRA,Supramax,7.5,12.5
2023-01-11,HAY_POINT,PARADIP,Capesize,14.1,12.5
2023-01-12,BALIKPAPAN,KAMARAJAR,Supramax,7.0,12.5
2023-01-12,NEWCASTLE,DHAMRA,Panamax,15.3,12.5
2023-01-12,HAY_POINT,DHAMRA,Capesize,14.1,12.5
2023-01-12,TANJUNG_BARA,DHAMRA,Supramax,7.1,12.5
2023-01-12,MAPUTO,VISAKHAPATNAM,Panamax,13.2,12.5
2023-01-12,RICHARDS_BAY,PARADIP,Capesize,15.8,12.5
2023-01-12,TANJUNG_BARA,PARADIP,Supramax,8.6,12.5
2023-01-12,HAY_POINT,VISAKHAPATNAM,Capesize,14.0,12.5
2023-01-12,GLADSTONE,PARADIP,Panamax,14.7,12.5
2023-01-12,HAY_POINT,PARADIP,Capesize,14.5,12.5
2023-01-13,MAPUTO,VISAKHAPATNAM,Panamax,13.7,12.5
2023-01-13,TANJUNG_BARA,PARADIP,Supramax,6.8,12.5
2023-01-13,NEWCASTLE,DHAMRA,Panamax,15.8,12.5
2023-01-13,HAY_POINT,VISAKHAPATNAM,Capesize,14.7,12.5
2023-01-13,BALIKPAPAN,KAMARAJAR,Supramax,7.1,12.5
2023-01-13,HAY_POINT,DHAMRA,Capesize,13.4,12.5
2023-01-13,TANJUNG_BARA,DHAMRA,Supramax,7.6,12.5
2023-01-13,HAY_POINT,PARADIP,Capesize,14.4,12.5
2023-01-13,RICHARDS_BAY,PARADIP,Capesize,15.2,12.5
2023-01-13,GLADSTONE,PARADIP,Panamax,15.8,12.5
2023-01-14,RICHARDS_BAY,PARADIP,Capesize,14.8,12.5
2023-01-14,NEWCASTLE,DHAMRA,Panamax,15.7,12.5
2023-01-14,BALIKPAPAN,KAMARAJAR,Supramax,7.8,12.5
2023-01-14,HAY_POINT,DHAMRA,Capesize,14.2,12.5
2023-01-14,GLADSTONE,PARADIP,Panamax,14.4,12.5
2023-01-14,TANJUNG_BARA,DHAMRA,Supramax,7.2,12.5
2023-01-14,HAY_POINT,PARADIP,Capesize,13.0,12.5
2023-01-14,HAY_POINT,VISAKHAPATNAM,Capesize,13.4,12.5
2023-01-14,TANJUNG_BARA,PARADIP,Supramax,8.1,12.5
2023-01-14,MAPUTO,VISAKHAPATNAM,Panamax,14.8,12.5
2023-01-15,GLADSTONE,PARADIP,Panamax,14.8,12.5
2023-01-15,TANJUNG_BARA,DHAMRA,Supramax,8.2,12.5
2023-01-15,HAY_POINT,DHAMRA,Capesize,14.3,12.5
2023-01-15,HAY_POINT,PARADIP,Capesize,14.3,12.5
2023-01-15,RICHARDS_BAY,PARADIP,Capesize,14.9,12.5
2023-01-15,MAPUTO,VISAKHAPATNAM,Panamax,13.1,12.5
2023-01-15,BALIKPAPAN,KAMARAJAR,Supramax,6.8,12.5
2023-01-15,HAY_POINT,VISAKHAPATNAM,Capesize,14.3,12.5
2023-01-15,NEWCASTLE,DHAMRA,Panamax,14.7,12.5
2023-01-15,TANJUNG_BARA,PARADIP,Supramax,7.7,12.5
2023-01-16,MAPUTO,VISAKHAPATNAM,Panamax,14.3,12.5
2023-01-16,RICHARDS_BAY,PARADIP,Capesize,15.8,12.5
2023-01-16,TANJUNG_BARA,PARADIP,Supramax,7.6,12.5
2023-01-16,BALIKPAPAN,KAMARAJAR,Supramax,6.9,12.5
2023-01-16,HAY_POINT,PARADIP,Capesize,14.7,12.5
2023-01-16,TANJUNG_BARA,DHAMRA,Supramax,7.7,12.5
2023-01-16,GLADSTONE,PARADIP,Panamax,14.3,12.5
2023-01-16,HAY_POINT,VISAKHAPATNAM,Capesize,15.0,12.5
2023-01-16,HAY_POINT,DHAMRA,Capesize,14.7,12.5
2023-01-16,NEWCASTLE,DHAMRA,Panamax,16.3,12.5
2023-01-17,HAY_POINT,PARADIP,Capesize,14.5,12.5
2023-01-17,GLADSTONE,PARADIP,Panamax,15.5,12.5
2023-01-17,MAPUTO,VISAKHAPATNAM,Panamax,15.7,12.5
2023-01-17,HAY_POINT,VISAKHAPATNAM,Capesize,13.2,12.5
2023-01-17,HAY_POINT,DHAMRA,Capesize,12.5,12.5
2023-01-17,BALIKPAPAN,KAMARAJAR,Supramax,7.0,12.5
2023-01-17,TANJUNG_BARA,DHAMRA,Supramax,6.9,12.5
2023-01-17,RICHARDS_BAY,PARADIP,Capesize,15.6,12.5
2023-01-17,NEWCASTLE,DHAMRA,Panamax,15.6,12.5
2023-01-17,TANJUNG_BARA,PARADIP,Supramax,8.3,12.5
2023-01-18,HAY_POINT,DHAMRA,Capesize,13.4,12.5
2023-01-18,GLADSTONE,PARADIP,Panamax,15.8,12.5
2023-01-18,BALIKPAPAN,KAMARAJAR,Supramax,7.3,12.5
2023-01-18,RICHARDS_BAY,PARADIP,Capesize,15.2,12.5
2023-01-18,MAPUTO,VISAKHAPATNAM,Panamax,14.9,12.5
2023-01-18,NEWCASTLE,DHAMRA,Panamax,16.0,12.5
2023-01-18,TANJUNG_BARA,DHAMRA,Supramax,7.6,12.5
2023-01-18,HAY_POINT,VISAKHAPATNAM,Capesize,13.1,12.5
2023-01-18,HAY_POINT,PARADIP,Capesize,14.1,12.5
2023-01-18,TANJUNG_BARA,PARADIP,Supramax,7.0,12.5
2023-01-19,MAPUTO,VISAKHAPATNAM,Panamax,14.5,12.5
2023-01-19,TANJUNG_BARA,DHAMRA,Supramax,7.5,12.5
2023-01-19,BALIKPAPAN,KAMARAJAR,Supramax,6.7,12.5
2023-01-19,RICHARDS_BAY,PARADIP,Capesize,15.3,12.5
2023-01-19,TANJUNG_BARA,PARADIP,Supramax,8.2,12.5
2023-01-19,NEWCASTLE,DHAMRA,Panamax,16.6,12.5
2023-01-19,HAY_POINT,DHAMRA,Capesize,14.3,12.5
2023-01-19,GLADSTONE,PARADIP,Panamax,14.1,12.5
2023-01-19,HAY_POINT,PARADIP,Capesize,14.6,12.5
2023-01-19,HAY_POINT,VISAKHAPATNAM,Capesize,13.7,12.5
2023-01-20,GLADSTONE,PARADIP,Panamax,15.3,12.5
2023-01-20,MAPUTO,VISAKHAPATNAM,Panamax,14.4,12.5
2023-01-20,TANJUNG_BARA,DHAMRA,Supramax,8.8,12.5
2023-01-20,RICHARDS_BAY,PARADIP,Capesize,15.1,12.5
2023-01-20,HAY_POINT,DHAMRA,Capesize,14.8,12.5
2023-01-20,NEWCASTLE,DHAMRA,Panamax,15.8,12.5
2023-01-20,BALIKPAPAN,KAMARAJAR,Supramax,7.5,12.5
2023-01-20,HAY_POINT,VISAKHAPATNAM,Capesize,13.8,12.5
2023-01-20,TANJUNG_BARA,PARADIP,Supramax,8.2,12.5
2023-01-20,HAY_POINT,PARADIP,Capesize,14.4,12.5
2023-01-21,GLADSTONE,PARADIP,Panamax,15.7,12.5
2023-01-21,TANJUNG_BARA,DHAMRA,Supramax,7.7,12.5
2023-01-21,RICHARDS_BAY,PARADIP,Capesize,15.8,12.5
2023-01-21,NEWCASTLE,DHAMRA,Panamax,16.2,12.5
2023-01-21,MAPUTO,VISAKHAPATNAM,Panamax,14.2,12.5
2023-01-21,HAY_POINT,DHAMRA,Capesize,14.8,12.5
2023-01-21,HAY_POINT,PARADIP,Capesize,14.2,12.5
2023-01-21,TANJUNG_BARA,PARADIP,Supramax,7.8,12.5
2023-01-21,HAY_POINT,VISAKHAPATNAM,Capesize,13.6,12.5
2023-01-21,BALIKPAPAN,KAMARAJAR,Supramax,6.5,12.5
2023-01-22,HAY_POINT,PARADIP,Capesize,14.0,12.5
2023-01-22,TANJUNG_BARA,DHAMRA,Supramax,7.9,12.5
2023-01-22,RICHARDS_BAY,PARADIP,Capesize,14.8,12.5
2023-01-22,HAY_POINT,DHAMRA,Capesize,13.6,12.5
2023-01-22,BALIKPAPAN,KAMARAJAR,Supramax,6.9,12.5
2023-01-22,GLADSTONE,PARADIP,Panamax,15.4,12.5
2023-01-22,MAPUTO,VISAKHAPATNAM,Panamax,14.2,12.5
2023-01-22,TANJUNG_BARA,PARADIP,Supramax,8.3,12.5
2023-01-22,HAY_POINT,VISAKHAPATNAM,Capesize,13.6,12.5
2023-01-22,NEWCASTLE,DHAMRA,Panamax,15.6,12.5
2023-01-23,HAY_POINT,VISAKHAPATNAM,Capesize,13.2,12.5
2023-01-23,TANJUNG_BARA,DHAMRA,Supramax,7.4,12.5
2023-01-23,NEWCASTLE,DHAMRA,Panamax,16.8,12.5
2023-01-23,BALIKPAPAN,KAMARAJAR,Supramax,7.9,12.5
2023-01-23,HAY_POINT,PARADIP,Capesize,14.5,12.5
2023-01-23,RICHARDS_BAY,PARADIP,Capesize,15.1,12.5
2023-01-23,TANJUNG_BARA,PARADIP,Supramax,8.3,12.5
2023-01-23,HAY_POINT,DHAMRA,Capesize,14.2,12.5
2023-01-23,GLADSTONE,PARADIP,Panamax,15.6,12.5
2023-01-23,MAPUTO,VISAKHAPATNAM,Panamax,13.9,12.5
2023-01-24,BALIKPAPAN,KAMARAJAR,Supramax,7.9,12.5
2023-01-24,HAY_POINT,DHAMRA,Capesize,14.4,12.5
2023-01-24,TANJUNG_BARA,DHAMRA,Supramax,6.3,12.5
2023-01-24,NEWCASTLE,DHAMRA,Panamax,16.0,12.5
2023-01-24,RICHARDS_BAY,PARADIP,Capesize,14.6,12.5
2023-01-24,HAY_POINT,PARADIP,Capesize,14.2,12.5
2023-01-24,GLADSTONE,PARADIP,Panamax,16.4,12.5
2023-01-24,HAY_POINT,VISAKHAPATNAM,Capesize,13.2,12.5
2023-01-24,TANJUNG_BARA,PARADIP,Supramax,8.0,12.5
2023-01-24,MAPUTO,VISAKHAPATNAM,Panamax,14.0,12.5
2023-01-25,HAY_POINT,PARADIP,Capesize,14.6,12.5
2023-01-25,RICHARDS_BAY,PARADIP,Capesize,14.5,12.5
2023-01-25,GLADSTONE,PARADIP,Panamax,14.5,12.5
2023-01-25,MAPUTO,VISAKHAPATNAM,Panamax,14.6,12.5
2023-01-25,TANJUNG_BARA,DHAMRA,Supramax,7.5,12.5
2023-01-25,HAY_POINT,VISAKHAPATNAM,Capesize,13.2,12.5
2023-01-25,HAY_POINT,DHAMRA,Capesize,14.7,12.5
2023-01-25,NEWCASTLE,DHAMRA,Panamax,16.6,12.5
2023-01-25,TANJUNG_BARA,PARADIP,Supramax,8.0,12.5
2023-01-25,BALIKPAPAN,KAMARAJAR,Supramax,8.2,12.5
2023-01-26,MAPUTO,VISAKHAPATNAM,Panamax,16.5,12.5
2023-01-26,HAY_POINT,DHAMRA,Capesize,14.6,12.5
2023-01-26,BALIKPAPAN,KAMARAJAR,Supramax,7.6,12.5
2023-01-26,NEWCASTLE,DHAMRA,Panamax,16.4,12.5
2023-01-26,HAY_POINT,PARADIP,Capesize,14.3,12.5
2023-01-26,GLADSTONE,PARADIP,Panamax,14.6,12.5
2023-01-26,HAY_POINT,VISAKHAPATNAM,Capesize,13.1,12.5
2023-01-26,TANJUNG_BARA,DHAMRA,Supramax,8.3,12.5
2023-01-26,TANJUNG_BARA,PARADIP,Supramax,7.9,12.5
2023-01-26,RICHARDS_BAY,PARADIP,Capesize,16.1,12.5
2023-01-27,GLADSTONE,PARADIP,Panamax,16.0,12.5
2023-01-27,TANJUNG_BARA,DHAMRA,Supramax,6.9,12.5
2023-01-27,HAY_POINT,DHAMRA,Capesize,13.8,12.5
2023-01-27,HAY_POINT,PARADIP,Capesize,14.8,12.5
2023-01-27,HAY_POINT,VISAKHAPATNAM,Capesize,12.8,12.5
2023-01-27,RICHARDS_BAY,PARADIP,Capesize,15.1,12.5
2023-01-27,MAPUTO,VISAKHAPATNAM,Panamax,14.6,12.5
2023-01-27,TANJUNG_BARA,PARADIP,Supramax,8.2,12.5
2023-01-27,NEWCASTLE,DHAMRA,Panamax,16.1,12.5
2023-01-27,BALIKPAPAN,KAMARAJAR,Supramax,7.3,12.5
2023-01-28,HAY_POINT,DHAMRA,Capesize,14.8,12.5
2023-01-28,HAY_POINT,PARADIP,Capesize,13.5,12.5
2023-01-28,HAY_POINT,VISAKHAPATNAM,Capesize,14.3,12.5
2023-01-28,MAPUTO,VISAKHAPATNAM,Panamax,15.1,12.5
2023-01-28,GLADSTONE,PARADIP,Panamax,16.6,12.5
2023-01-28,RICHARDS_BAY,PARADIP,Capesize,16.2,12.5
2023-01-28,NEWCASTLE,DHAMRA,Panamax,15.3,12.5
2023-01-28,TANJUNG_BARA,PARADIP,Supramax,8.7,12.5
2023-01-28,TANJUNG_BARA,DHAMRA,Supramax,7.7,12.5
2023-01-28,BALIKPAPAN,KAMARAJAR,Supramax,6.5,12.5
2023-01-29,MAPUTO,VISAKHAPATNAM,Panamax,14.6,12.5
2023-01-29,HAY_POINT,VISAKHAPATNAM,Capesize,13.5,12.5
2023-01-29,TANJUNG_BARA,PARADIP,Supramax,8.5,12.5
2023-01-29,NEWCASTLE,DHAMRA,Panamax,15.8,12.5
2023-01-29,HAY_POINT,DHAMRA,Capesize,13.2,12.5
2023-01-29,TANJUNG_BARA,DHAMRA,Supramax,7.4,12.5
2023-01-29,HAY_POINT,PARADIP,Capesize,13.9,12.5
2023-01-29,RICHARDS_BAY,PARADIP,Capesize,16.3,12.5
2023-01-29,BALIKPAPAN,KAMARAJAR,Supramax,7.8,12.5
2023-01-29,GLADSTONE,PARADIP,Panamax,15.7,12.5
2023-01-30,HAY_POINT,VISAKHAPATNAM,Capesize,13.5,12.5
2023-01-30,TANJUNG_BARA,DHAMRA,Supramax,7.7,12.5
2023-01-30,HAY_POINT,PARADIP,Capesize,15.2,12.5
2023-01-30,HAY_POINT,DHAMRA,Capesize,14.7,12.5
2023-01-30,NEWCASTLE,DHAMRA,Panamax,16.5,12.5
2023-01-30,TANJUNG_BARA,PARADIP,Supramax,7.4,12.5
2023-01-30,MAPUTO,VISAKHAPATNAM,Panamax,15.2,12.5
2023-01-30,BALIKPAPAN,KAMARAJAR,Supramax,6.7,12.5
2023-01-30,RICHARDS_BAY,PARADIP,Capesize,14.8,12.5
2023-01-30,GLADSTONE,PARADIP,Panamax,14.1,12.5
2023-01-31,TANJUNG_BARA,DHAMRA,Supramax,7.8,12.5
2023-01-31,HAY_POINT,VISAKHAPATNAM,Capesize,14.8,12.5
2023-01-31,HAY_POINT,PARADIP,Capesize,14.2,12.5
2023-01-31,HAY_POINT,DHAMRA,Capesize,14.0,12.5
2023-01-31,MAPUTO,VISAKHAPATNAM,Panamax,14.3,12.5
2023-01-31,TANJUNG_BARA,PARADIP,Supramax,7.5,12.5
2023-01-31,RICHARDS_BAY,PARADIP,Capesize,15.2,12.5
2023-01-31,BALIKPAPAN,KAMARAJAR,Supramax,7.1,12.5
2023-01-31,NEWCASTLE,DHAMRA,Panamax,15.9,12.5
2023-01-31,GLADSTONE,PARADIP,Panamax,15.3,12.5
2023-02-01,HAY_POINT,PARADIP,Capesize,14.0,12.5
2023-02-01,TANJUNG_BARA,DHAMRA,Supramax,7.4,12.5
2023-02-01,RICHARDS_BAY,PARADIP,Capesize,14.4,12.5
2023-02-01,BALIKPAPAN,KAMARAJAR,Supramax,6.8,12.5
2023-02-01,TANJUNG_BARA,PARADIP,Supramax,7.6,12.5
2023-02-01,MAPUTO,VISAKHAPATNAM,Panamax,15.3,12.5
2023-02-01,HAY_POINT,VISAKHAPATNAM,Capesize,14.4,12.5
2023-02-01,HAY_POINT,DHAMRA,Capesize,14.2,12.5
2023-02-01,NEWCASTLE,DHAMRA,Panamax,16.1,12.5
2023-02-01,GLADSTONE,PARADIP,Panamax,14.2,12.5
2023-02-02,HAY_POINT,VISAKHAPATNAM,Capesize,13.1,12.5
2023-02-02,RICHARDS_BAY,PARADIP,Capesize,15.8,12.5
2023-02-02,BALIKPAPAN,KAMARAJAR,Supramax,7.6,12.5
2023-02-02,HAY_POINT,PARADIP,Capesize,13.9,12.5
2023-02-02,NEWCASTLE,DHAMRA,Panamax,15.1,12.5
2023-02-02,TANJUNG_BARA,PARADIP,Supramax,7.4,12.5
2023-02-02,MAPUTO,VISAKHAPATNAM,Panamax,15.7,12.5
2023-02-02,HAY_POINT,DHAMRA,Capesize,14.4,12.5
2023-02-02,GLADSTONE,PARADIP,Panamax,15.8,12.5
2023-02-02,TANJUNG_BARA,DHAMRA,Supramax,7.7,12.5
2023-02-03,GLADSTONE,PARADIP,Panamax,15.2,12.5
2023-02-03,BALIKPAPAN,KAMARAJAR,Supramax,8.0,12.5
2023-02-03,NEWCASTLE,DHAMRA,Panamax,16.3,12.5
2023-02-03,TANJUNG_BARA,PARADIP,Supramax,8.2,12.5
2023-02-03,HAY_POINT,VISAKHAPATNAM,Capesize,14.1,12.5
2023-02-03,MAPUTO,VISAKHAPATNAM,Panamax,14.1,12.5
2023-02-03,TANJUNG_BARA,DHAMRA,Supramax,8.9,12.5
2023-02-03,HAY_POINT,DHAMRA,Capesize,13.2,12.5
2023-02-03,RICHARDS_BAY,PARADIP,Capesize,15.7,12.5
2023-02-03,HAY_POINT,PARADIP,Capesize,12.1,12.5
2023-02-04,TANJUNG_BARA,DHAMRA,Supramax,8.5,12.5
2023-02-04,HAY_POINT,PARADIP,Capesize,15.1,12.5
2023-02-04,TANJUNG_BARA,PARADIP,Supramax,7.4,12.5
2023-02-04,RICHARDS_BAY,PARADIP,Capesize,14.9,12.5
2023-02-04,MAPUTO,VISAKHAPATNAM,Panamax,15.7,12.5
2023-02-04,NEWCASTLE,DHAMRA,Panamax,15.8,12.5
2023-02-04,HAY_POINT,VISAKHAPATNAM,Capesize,14.1,12.5
2023-02-04,BALIKPAPAN,KAMARAJAR,Supramax,8.2,12.5
2023-02-04,HAY_POINT,DHAMRA,Capesize,14.7,12.5
2023-02-04,GLADSTONE,PARADIP,Panamax,15.0,12.5
2023-02-05,RICHARDS_BAY,PARADIP,Capesize,16.6,12.5
2023-02-05,NEWCASTLE,DHAMRA,Panamax,15.9,12.5
2023-02-05,MAPUTO,VISAKHAPATNAM,Panamax,13.7,12.5
2023-02-05,TANJUNG_BARA,PARADIP,Supramax,7.5,12.5
2023-02-05,HAY_POINT,PARADIP,Capesize,15.0,12.5
2023-02-05,BALIKPAPAN,KAMARAJAR,Supramax,7.6,12.5
2023-02-05,HAY_POINT,DHAMRA,Capesize,14.8,12.5
2023-02-05,GLADSTONE,PARADIP,Panamax,13.8,12.5
2023-02-05,TANJUNG_BARA,DHAMRA,Supramax,7.4,12.5
2023-02-05,HAY_POINT,VISAKHAPATNAM,Capesize,13.6,12.5
2023-02-06,GLADSTONE,PARADIP,Panamax,14.6,12.5
2023-02-06,BALIKPAPAN,KAMARAJAR,Supramax,7.4,12.5
2023-02-06,HAY_POINT,VISAKHAPATNAM,Capesize,13.4,12.5
2023-02-06,HAY_POINT,PARADIP,Capesize,14.0,12.5
2023-02-06,NEWCASTLE,DHAMRA,Panamax,16.9,12.5
2023-02-06,RICHARDS_BAY,PARADIP,Capesize,14.6,12.5
2023-02-06,TANJUNG_BARA,PARADIP,Supramax,7.8,12.5
2023-02-06,TANJUNG_BARA,DHAMRA,Supramax,7.2,12.5
2023-02-06,MAPUTO,VISAKHAPATNAM,Panamax,14.9,12.5
2023-02-06,HAY_POINT,DHAMRA,Capesize,14.8,12.5
2023-02-07,BALIKPAPAN,KAMARAJAR,Supramax,7.1,12.5
2023-02-07,MAPUTO,VISAKHAPATNAM,Panamax,14.9,12.5
2023-02-07,GLADSTONE,PARADIP,Panamax,16.2,12.5
2023-02-07,HAY_POINT,DHAMRA,Capesize,15.8,12.5
2023-02-07,TANJUNG_BARA,PARADIP,Supramax,7.9,12.5
2023-02-07,HAY_POINT,PARADIP,Capesize,14.4,12.5
2023-02-07,HAY_POINT,VISAKHAPATNAM,Capesize,14.6,12.5
2023-02-07,NEWCASTLE,DHAMRA,Panamax,15.3,12.5
2023-02-07,RICHARDS_BAY,PARADIP,Capesize,15.7,12.5
2023-02-07,TANJUNG_BARA,DHAMRA,Supramax,7.3,12.5
2023-02-08,HAY_POINT,DHAMRA,Capesize,13.8,12.5
2023-02-08,HAY_POINT,PARADIP,Capesize,13.4,12.5
2023-02-08,RICHARDS_BAY,PARADIP,Capesize,14.3,12.5
2023-02-08,TANJUNG_BARA,DHAMRA,Supramax,8.6,12.5
2023-02-08,BALIKPAPAN,KAMARAJAR,Supramax,8.4,12.5
2023-02-08,TANJUNG_BARA,PARADIP,Supramax,8.0,12.5
2023-02-08,HAY_POINT,VISAKHAPATNAM,Capesize,14.0,12.5
2023-02-08,MAPUTO,VISAKHAPATNAM,Panamax,14.5,12.5
2023-02-08,NEWCASTLE,DHAMRA,Panamax,15.8,12.5
2023-02-08,GLADSTONE,PARADIP,Panamax,13.5,12.5
2023-02-09,TANJUNG_BARA,DHAMRA,Supramax,7.5,12.5
2023-02-09,NEWCASTLE,DHAMRA,Panamax,16.4,12.5
2023-02-09,TANJUNG_BARA,PARADIP,Supramax,6.9,12.5
2023-02-09,GLADSTONE,PARADIP,Panamax,15.6,12.5
2023-02-09,HAY_POINT,DHAMRA,Capesize,13.5,12.5
2023-02-09,HAY_POINT,VISAKHAPATNAM,Capesize,14.4,12.5
2023-02-09,RICHARDS_BAY,PARADIP,Capesize,15.1,12.5
2023-02-09,MAPUTO,VISAKHAPATNAM,Panamax,14.5,12.5
2023-02-09,HAY_POINT,PARADIP,Capesize,14.3,12.5
2023-02-09,BALIKPAPAN,KAMARAJAR,Supramax,7.0,12.5
2023-02-10,TANJUNG_BARA,DHAMRA,Supramax,8.0,12.5
2023-02-10,NEWCASTLE,DHAMRA,Panamax,16.0,12.5
2023-02-10,TANJUNG_BARA,PARADIP,Supramax,8.1,12.5
2023-02-10,GLADSTONE,PARADIP,Panamax,14.4,12.5
2023-02-10,RICHARDS_BAY,PARADIP,Capesize,16.2,12.5
2023-02-10,HAY_POINT,VISAKHAPATNAM,Capesize,14.3,12.5
2023-02-10,HAY_POINT,PARADIP,Capesize,15.6,12.5
2023-02-10,HAY_POINT,DHAMRA,Capesize,13.6,12.5
2023-02-10,MAPUTO,VISAKHAPATNAM,Panamax,14.5,12.5
2023-02-10,BALIKPAPAN,KAMARAJAR,Supramax,7.7,12.5
2023-02-11,TANJUNG_BARA,PARADIP,Supramax,8.2,12.5
2023-02-11,GLADSTONE,PARADIP,Panamax,14.8,12.5
2023-02-11,HAY_POINT,VISAKHAPATNAM,Capesize,14.5,12.5
2023-02-11,HAY_POINT,PARADIP,Capesize,15.0,12.5
2023-02-11,BALIKPAPAN,KAMARAJAR,Supramax,6.8,12.5
2023-02-11,HAY_POINT,DHAMRA,Capesize,14.9,12.5
2023-02-11,NEWCASTLE,DHAMRA,Panamax,16.2,12.5
2023-02-11,RICHARDS_BAY,PARADIP,Capesize,14.8,12.5
2023-02-11,MAPUTO,VISAKHAPATNAM,Panamax,14.1,12.5
2023-02-11,TANJUNG_BARA,DHAMRA,Supramax,8.1,12.5
2023-02-12,RICHARDS_BAY,PARADIP,Capesize,15.1,12.5
2023-02-12,HAY_POINT,PARADIP,Capesize,15.3,12.5
2023-02-12,TANJUNG_BARA,PARADIP,Supramax,8.6,12.5
2023-02-12,MAPUTO,VISAKHAPATNAM,Panamax,13.3,12.5
2023-02-12,NEWCASTLE,DHAMRA,Panamax,15.4,12.5
2023-02-12,HAY_POINT,VISAKHAPATNAM,Capesize,13.3,12.5
2023-02-12,HAY_POINT,DHAMRA,Capesize,14.2,12.5
2023-02-12,BALIKPAPAN,KAMARAJAR,Supramax,7.5,12.5
2023-02-12,GLADSTONE,PARADIP,Panamax,16.1,12.5
2023-02-12,TANJUNG_BARA,DHAMRA,Supramax,7.4,12.5
2023-02-13,HAY_POINT,PARADIP,Capesize,14.3,12.5
2023-02-13,MAPUTO,VISAKHAPATNAM,Panamax,14.9,12.5
2023-02-13,TANJUNG_BARA,PARADIP,Supramax,8.4,12.5
2023-02-13,TANJUNG_BARA,DHAMRA,Supramax,7.6,12.5
2023-02-13,NEWCASTLE,DHAMRA,Panamax,15.4,12.5
2023-02-13,BALIKPAPAN,KAMARAJAR,Supramax,6.6,12.5
2023-02-13,GLADSTONE,PARADIP,Panamax,14.1,12.5
2023-02-13,HAY_POINT,VISAKHAPATNAM,Capesize,14.5,12.5
2023-02-13,RICHARDS_BAY,PARADIP,Capesize,14.2,12.5
2023-02-13,HAY_POINT,DHAMRA,Capesize,13.8,12.5
2023-02-14,MAPUTO,VISAKHAPATNAM,Panamax,15.8,12.5
2023-02-14,BALIKPAPAN,KAMARAJAR,Supramax,7.8,12.5
2023-02-14,HAY_POINT,VISAKHAPATNAM,Capesize,13.3,12.5
2023-02-14,TANJUNG_BARA,DHAMRA,Supramax,7.0,12.5
2023-02-14,TANJUNG_BARA,PARADIP,Supramax,8.0,12.5
2023-02-14,HAY_POINT,PARADIP,Capesize,14.4,12.5
2023-02-14,GLADSTONE,PARADIP,Panamax,16.6,12.5
2023-02-14,HAY_POINT,DHAMRA,Capesize,14.8,12.5
2023-02-14,RICHARDS_BAY,PARADIP,Capesize,16.4,12.5
2023-02-14,NEWCASTLE,DHAMRA,Panamax,16.0,12.5
2023-02-15,MAPUTO,VISAKHAPATNAM,Panamax,14.6,12.5
2023-02-15,HAY_POINT,PARADIP,Capesize,13.6,12.5
2023-02-15,HAY_POINT,DHAMRA,Capesize,14.9,12.5
2023-02-15,RICHARDS_BAY,PARADIP,Capesize,16.1,12.5
2023-02-15,BALIKPAPAN,KAMARAJAR,Supramax,8.0,12.5
2023-02-15,TANJUNG_BARA,DHAMRA,Supramax,8.7,12.5
2023-02-15,NEWCASTLE,DHAMRA,Panamax,15.5,12.5
2023-02-15,GLADSTONE,PARADIP,Panamax,15.5,12.5
2023-02-15,HAY_POINT,VISAKHAPATNAM,Capesize,13.6,12.5
2023-02-15,TANJUNG_BARA,PARADIP,Supramax,8.5,12.5
2023-02-16,NEWCASTLE,DHAMRA,Panamax,16.7,12.5
2023-02-16,HAY_POINT,PARADIP,Capesize,13.8,12.5
2023-02-16,TANJUNG_BARA,PARADIP,Supramax,8.2,12.5
2023-02-16,HAY_POINT,DHAMRA,Capesize,14.1,12.5
2023-02-16,TANJUNG_BARA,DHAMRA,Supramax,7.6,12.5
2023-02-16,MAPUTO,VISAKHAPATNAM,Panamax,15.4,12.5
2023-02-16,RICHARDS_BAY,PARADIP,Capesize,15.5,12.5
2023-02-16,GLADSTONE,PARADIP,Panamax,14.8,12.5
2023-02-16,BALIKPAPAN,KAMARAJAR,Supramax,7.9,12.5
2023-02-16,HAY_POINT,VISAKHAPATNAM,Capesize,13.4,12.5
2023-02-17,TANJUNG_BARA,PARADIP,Supramax,7.7,12.5
2023-02-17,HAY_POINT,DHAMRA,Capesize,12.7,12.5
2023-02-17,HAY_POINT,VISAKHAPATNAM,Capesize,14.0,12.5
2023-02-17,GLADSTONE,PARADIP,Panamax,15.0,12.5
2023-02-17,MAPUTO,VISAKHAPATNAM,Panamax,14.8,12.5
2023-02-17,HAY_POINT,PARADIP,Capesize,14.6,12.5
2023-02-17,BALIKPAPAN,KAMARAJAR,Supramax,7.2,12.5
2023-02-17,TANJUNG_BARA,DHAMRA,Supramax,7.6,12.5
2023-02-17,NEWCASTLE,DHAMRA,Panamax,15.4,12.5
2023-02-17,RICHARDS_BAY,PARADIP,Capesize,16.3,12.5
2023-02-18,HAY_POINT,PARADIP,Capesize,14.9,12.5
2023-02-18,BALIKPAPAN,KAMARAJAR,Supramax,6.4,12.5
2023-02-18,HAY_POINT,DHAMRA,Capesize,14.1,12.5
2023-02-18,HAY_POINT,VISAKHAPATNAM,Capesize,13.9,12.5
2023-02-18,NEWCASTLE,DHAMRA,Panamax,14.9,12.5
2023-02-18,TANJUNG_BARA,PARADIP,Supramax,7.9,12.5
2023-02-18,MAPUTO,VISAKHAPATNAM,Panamax,14.9,12.5
2023-02-18,RICHARDS_BAY,PARADIP,Capesize,15.1,12.5
2023-02-18,GLADSTONE,PARADIP,Panamax,14.8,12.5
2023-02-18,TANJUNG_BARA,DHAMRA,Supramax,7.6,12.5
2023-02-19,HAY_POINT,DHAMRA,Capesize,14.6,12.5
2023-02-19,RICHARDS_BAY,PARADIP,Capesize,16.7,12.5
2023-02-19,TANJUNG_BARA,DHAMRA,Supramax,7.5,12.5
2023-02-19,BALIKPAPAN,KAMARAJAR,Supramax,7.8,12.5
2023-02-19,MAPUTO,VISAKHAPATNAM,Panamax,15.0,12.5
2023-02-19,HAY_POINT,VISAKHAPATNAM,Capesize,14.0,12.5
2023-02-19,NEWCASTLE,DHAMRA,Panamax,16.6,12.5
2023-02-19,GLADSTONE,PARADIP,Panamax,15.7,12.5
2023-02-19,TANJUNG_BARA,PARADIP,Supramax,8.6,12.5
2023-02-19,HAY_POINT,PARADIP,Capesize,14.9,12.5
2023-02-20,HAY_POINT,VISAKHAPATNAM,Capesize,14.0,12.5
2023-02-20,NEWCASTLE,DHAMRA,Panamax,14.5,12.5
2023-02-20,RICHARDS_BAY,PARADIP,Capesize,14.8,12.5
2023-02-20,BALIKPAPAN,KAMARAJAR,Supramax,7.7,12.5
2023-02-20,GLADSTONE,PARADIP,Panamax,15.1,12.5
2023-02-20,TANJUNG_BARA,PARADIP,Supramax,8.4,12.5
2023-02-20,HAY_POINT,DHAMRA,Capesize,13.0,12.5
2023-02-20,MAPUTO,VISAKHAPATNAM,Panamax,15.0,12.5
2023-02-20,HAY_POINT,PARADIP,Capesize,14.6,12.5
2023-02-20,TANJUNG_BARA,DHAMRA,Supramax,8.6,12.5
2023-02-21,HAY_POINT,PARADIP,Capesize,13.4,12.5
2023-02-21,HAY_POINT,DHAMRA,Capesize,14.4,12.5
2023-02-21,RICHARDS_BAY,PARADIP,Capesize,15.2,12.5
2023-02-21,NEWCASTLE,DHAMRA,Panamax,15.4,12.5
2023-02-21,GLADSTONE,PARADIP,Panamax,16.0,12.5
2023-02-21,TANJUNG_BARA,DHAMRA,Supramax,6.6,12.5
2023-02-21,HAY_POINT,VISAKHAPATNAM,Capesize,14.7,12.5
2023-02-21,BALIKPAPAN,KAMARAJAR,Supramax,7.0,12.5
2023-02-21,TANJUNG_BARA,PARADIP,Supramax,7.9,12.5
2023-02-21,MAPUTO,VISAKHAPATNAM,Panamax,14.7,12.5
2023-02-22,HAY_POINT,PARADIP,Capesize,14.4,12.5
2023-02-22,HAY_POINT,DHAMRA,Capesize,14.3,12.5
2023-02-22,NEWCASTLE,DHAMRA,Panamax,15.8,12.5
2023-02-22,RICHARDS_BAY,PARADIP,Capesize,13.3,12.5
2023-02-22,HAY_POINT,VISAKHAPATNAM,Capesize,14.5,12.5
2023-02-22,TANJUNG_BARA,DHAMRA,Supramax,8.1,12.5
2023-02-22,BALIKPAPAN,KAMARAJAR,Supramax,7.2,12.5
2023-02-22,GLADSTONE,PARADIP,Panamax,16.2,12.5
2023-02-22,MAPUTO,VISAKHAPATNAM,Panamax,14.5,12.5
2023-02-22,TANJUNG_BARA,PARADIP,Supramax,8.4,12.5
2023-02-23,MAPUTO,VISAKHAPATNAM,Panamax,15.0,12.5
2023-02-23,NEWCASTLE,DHAMRA,Panamax,16.5,12.5
2023-02-23,BALIKPAPAN,KAMARAJAR,Supramax,6.2,12.5
2023-02-23,TANJUNG_BARA,PARADIP,Supramax,5.7,12.5
2023-02-23,GLADSTONE,PARADIP,Panamax,16.2,12.5
2023-02-23,HAY_POINT,PARADIP,Capesize,14.0,12.5
2023-02-23,HAY_POINT,DHAMRA,Capesize,12.7,12.5
2023-02-23,TANJUNG_BARA,DHAMRA,Supramax,6.9,12.5
2023-02-23,HAY_POINT,VISAKHAPATNAM,Capesize,13.8,12.5
2023-02-23,RICHARDS_BAY,PARADIP,Capesize,16.3,12.5
2023-02-24,TANJUNG_BARA,PARADIP,Supramax,7.0,12.5
2023-02-24,GLADSTONE,PARADIP,Panamax,14.6,12.5
2023-02-24,BALIKPAPAN,KAMARAJAR,Supramax,8.4,12.5
2023-02-24,HAY_POINT,PARADIP,Capesize,13.3,12.5
2023-02-24,HAY_POINT,VISAKHAPATNAM,Capesize,13.5,12.5
2023-02-24,TANJUNG_BARA,DHAMRA,Supramax,6.9,12.5
2023-02-24,RICHARDS_BAY,PARADIP,Capesize,16.1,12.5
2023-02-24,NEWCASTLE,DHAMRA,Panamax,16.1,12.5
2023-02-24,HAY_POINT,DHAMRA,Capesize,12.8,12.5
2023-02-24,MAPUTO,VISAKHAPATNAM,Panamax,15.5,12.5
2023-02-25,TANJUNG_BARA,PARADIP,Supramax,7.3,12.5
2023-02-25,BALIKPAPAN,KAMARAJAR,Supramax,7.8,12.5
2023-02-25,RICHARDS_BAY,PARADIP,Capesize,14.8,12.5
2023-02-25,GLADSTONE,PARADIP,Panamax,15.0,12.5
2023-02-25,HAY_POINT,VISAKHAPATNAM,Capesize,13.7,12.5
2023-02-25,NEWCASTLE,DHAMRA,Panamax,15.6,12.5
2023-02-25,MAPUTO,VISAKHAPATNAM,Panamax,13.9,12.5
2023-02-25,HAY_POINT,PARADIP,Capesize,14.4,12.5
2023-02-25,HAY_POINT,DHAMRA,Capesize,15.1,12.5
2023-02-25,TANJUNG_BARA,DHAMRA,Supramax,8.3,12.5
2023-02-26,HAY_POINT,PARADIP,Capesize,15.5,12.5
2023-02-26,HAY_POINT,DHAMRA,Capesize,14.1,12.5
2023-02-26,TANJUNG_BARA,DHAMRA,Supramax,8.8,12.5
2023-02-26,HAY_POINT,VISAKHAPATNAM,Capesize,15.1,12.5
2023-02-26,GLADSTONE,PARADIP,Panamax,14.5,12.5
2023-02-26,MAPUTO,VISAKHAPATNAM,Panamax,14.2,12.5
2023-02-26,BALIKPAPAN,KAMARAJAR,Supramax,7.9,12.5
2023-02-26,RICHARDS_BAY,PARADIP,Capesize,15.8,12.5
2023-02-26,TANJUNG_BARA,PARADIP,Supramax,8.2,12.5
2023-02-26,NEWCASTLE,DHAMRA,Panamax,16.5,12.5
2023-02-27,RICHARDS_BAY,PARADIP,Capesize,14.9,12.5
2023-02-27,HAY_POINT,VISAKHAPATNAM,Capesize,13.6,12.5
2023-02-27,GLADSTONE,PARADIP,Panamax,14.5,12.5
2023-02-27,TANJUNG_BARA,DHAMRA,Supramax,7.6,12.5
2023-02-27,TANJUNG_BARA,PARADIP,Supramax,8.3,12.5
2023-02-27,HAY_POINT,DHAMRA,Capesize,14.9,12.5
2023-02-27,NEWCASTLE,DHAMRA,Panamax,15.1,12.5
2023-02-27,HAY_POINT,PARADIP,Capesize,14.6,12.5
2023-02-27,MAPUTO,VISAKHAPATNAM,Panamax,15.2,12.5
2023-02-27,BALIKPAPAN,KAMARAJAR,Supramax,8.4,12.5
2023-02-28,MAPUTO,VISAKHAPATNAM,Panamax,14.2,12.5
2023-02-28,HAY_POINT,PARADIP,Capesize,13.7,12.5
2023-02-28,NEWCASTLE,DHAMRA,Panamax,16.1,12.5
2023-02-28,HAY_POINT,VISAKHAPATNAM,Capesize,14.1,12.5
2023-02-28,BALIKPAPAN,KAMARAJAR,Supramax,7.3,12.5
2023-02-28,HAY_POINT,DHAMRA,Capesize,13.8,12.5
2023-02-28,RICHARDS_BAY,PARADIP,Capesize,14.3,12.5
2023-02-28,TANJUNG_BARA,PARADIP,Supramax,9.0,12.5
2023-02-28,GLADSTONE,PARADIP,Panamax,15.7,12.5
2023-02-28,TANJUNG_BARA,DHAMRA,Supramax,7.2,12.5
2023-03-01,MAPUTO,VISAKHAPATNAM,Panamax,14.1,12.5
2023-03-01,RICHARDS_BAY,PARADIP,Capesize,17.5,12.5
2023-03-01,BALIKPAPAN,KAMARAJAR,Supramax,7.7,12.5
2023-03-01,HAY_POINT,VISAKHAPATNAM,Capesize,13.3,12.5
2023-03-01,TANJUNG_BARA,PARADIP,Supramax,8.1,12.5
2023-03-01,TANJUNG_BARA,DHAMRA,Supramax,7.0,12.5
2023-03-01,GLADSTONE,PARADIP,Panamax,14.6,12.5
2023-03-01,HAY_POINT,PARADIP,Capesize,14.3,12.5
2023-03-01,NEWCASTLE,DHAMRA,Panamax,15.5,12.5
2023-03-01,HAY_POINT,DHAMRA,Capesize,13.1,12.5
2023-03-02,GLADSTONE,PARADIP,Panamax,14.1,12.5
2023-03-02,TANJUNG_BARA,PARADIP,Supramax,7.4,12.5
2023-03-02,HAY_POINT,PARADIP,Capesize,15.3,12.5
2023-03-02,RICHARDS_BAY,PARADIP,Capesize,14.8,12.5
2023-03-02,HAY_POINT,DHAMRA,Capesize,13.8,12.5
2023-03-02,MAPUTO,VISAKHAPATNAM,Panamax,15.6,12.5
2023-03-02,TANJUNG_BARA,DHAMRA,Supramax,8.1,12.5
2023-03-02,BALIKPAPAN,KAMARAJAR,Supramax,8.3,12.5
2023-03-02,NEWCASTLE,DHAMRA,Panamax,17.3,12.5
2023-03-02,HAY_POINT,VISAKHAPATNAM,Capesize,12.7,12.5
2023-03-03,BALIKPAPAN,KAMARAJAR,Supramax,6.4,12.5
2023-03-03,HAY_POINT,PARADIP,Capesize,14.4,12.5
2023-03-03,HAY_POINT,DHAMRA,Capesize,14.1,12.5
2023-03-03,TANJUNG_BARA,DHAMRA,Supramax,7.4,12.5
2023-03-03,NEWCASTLE,DHAMRA,Panamax,16.3,12.5
2023-03-03,RICHARDS_BAY,PARADIP,Capesize,15.6,12.5
2023-03-03,HAY_POINT,VISAKHAPATNAM,Capesize,14.1,12.5
2023-03-03,TANJUNG_BARA,PARADIP,Supramax,6.9,12.5
2023-03-03,GLADSTONE,PARADIP,Panamax,14.9,12.5
2023-03-03,MAPUTO,VISAKHAPATNAM,Panamax,14.9,12.5
2023-03-04,NEWCASTLE,DHAMRA,Panamax,15.6,12.5
2023-03-04,HAY_POINT,DHAMRA,Capesize,14.6,12.5
2023-03-04,RICHARDS_BAY,PARADIP,Capesize,15.3,12.5
2023-03-04,TANJUNG_BARA,PARADIP,Supramax,8.7,12.5
2023-03-04,HAY_POINT,PARADIP,Capesize,14.4,12.5
2023-03-04,MAPUTO,VISAKHAPATNAM,Panamax,14.6,12.5
2023-03-04,HAY_POINT,VISAKHAPATNAM,Capesize,13.8,12.5
2023-03-04,GLADSTONE,PARADIP,Panamax,15.0,12.5
2023-03-04,BALIKPAPAN,KAMARAJAR,Supramax,7.6,12.5
2023-03-04,TANJUNG_BARA,DHAMRA,Supramax,9.2,12.5
2023-03-05,TANJUNG_BARA,PARADIP,Supramax,7.3,12.5
2023-03-05,TANJUNG_BARA,DHAMRA,Supramax,7.0,12.5
2023-03-05,BALIKPAPAN,KAMARAJAR,Supramax,7.8,12.5
2023-03-05,HAY_POINT,PARADIP,Capesize,13.6,12.5
2023-03-05,HAY_POINT,DHAMRA,Capesize,14.7,12.5
2023-03-05,MAPUTO,VISAKHAPATNAM,Panamax,13.9,12.5
2023-03-05,NEWCASTLE,DHAMRA,Panamax,16.1,12.5
2023-03-05,HAY_POINT,VISAKHAPATNAM,Capesize,14.3,12.5
2023-03-05,GLADSTONE,PARADIP,Panamax,15.5,12.5
2023-03-05,RICHARDS_BAY,PARADIP,Capesize,15.2,12.5
2023-03-06,TANJUNG_BARA,PARADIP,Supramax,8.1,12.5
2023-03-06,HAY_POINT,DHAMRA,Capesize,15.2,12.5
2023-03-06,NEWCASTLE,DHAMRA,Panamax,14.9,12.5
2023-03-06,HAY_POINT,VISAKHAPATNAM,Capesize,14.2,12.5
2023-03-06,HAY_POINT,PARADIP,Capesize,14.8,12.5
2023-03-06,TANJUNG_BARA,DHAMRA,Supramax,8.1,12.5
2023-03-06,GLADSTONE,PARADIP,Panamax,14.4,12.5
2023-03-06,MAPUTO,VISAKHAPATNAM,Panamax,14.8,12.5
2023-03-06,BALIKPAPAN,KAMARAJAR,Supramax,7.2,12.5
2023-03-06,RICHARDS_BAY,PARADIP,Capesize,16.0,12.5
2023-03-07,HAY_POINT,VISAKHAPATNAM,Capesize,13.6,12.5
2023-03-07,BALIKPAPAN,KAMARAJAR,Supramax,7.3,12.5
2023-03-07,MAPUTO,VISAKHAPATNAM,Panamax,14.8,12.5
2023-03-07,RICHARDS_BAY,PARADIP,Capesize,15.9,12.5
2023-03-07,GLADSTONE,PARADIP,Panamax,15.3,12.5
2023-03-07,HAY_POINT,DHAMRA,Capesize,12.8,12.5
2023-03-07,NEWCASTLE,DHAMRA,Panamax,15.1,12.5
2023-03-07,TANJUNG_BARA,PARADIP,Supramax,8.5,12.5
2023-03-07,TANJUNG_BARA,DHAMRA,Supramax,8.8,12.5
2023-03-07,HAY_POINT,PARADIP,Capesize,14.0,12.5
2023-03-08,RICHARDS_BAY,PARADIP,Capesize,15.2,12.5
2023-03-08,GLADSTONE,PARADIP,Panamax,14.8,12.5
2023-03-08,TANJUNG_BARA,PARADIP,Supramax,9.1,12.5
2023-03-08,MAPUTO,VISAKHAPATNAM,Panamax,14.3,12.5
2023-03-08,HAY_POINT,PARADIP,Capesize,14.2,12.5
2023-03-08,BALIKPAPAN,KAMARAJAR,Supramax,6.9,12.5
2023-03-08,HAY_POINT,VISAKHAPATNAM,Capesize,13.3,12.5
2023-03-08,NEWCASTLE,DHAMRA,Panamax,16.4,12.5
2023-03-08,HAY_POINT,DHAMRA,Capesize,13.9,12.5
2023-03-08,TANJUNG_BARA,DHAMRA,Supramax,9.2,12.5
2023-03-09,BALIKPAPAN,KAMARAJAR,Supramax,7.5,12.5
2023-03-09,HAY_POINT,DHAMRA,Capesize,13.3,12.5
2023-03-09,RICHARDS_BAY,PARADIP,Capesize,16.4,12.5
2023-03-09,GLADSTONE,PARADIP,Panamax,14.7,12.5
2023-03-09,NEWCASTLE,DHAMRA,Panamax,15.8,12.5
2023-03-09,TANJUNG_BARA,DHAMRA,Supramax,7.5,12.5
2023-03-09,HAY_POINT,PARADIP,Capesize,14.1,12.5
2023-03-09,MAPUTO,VISAKHAPATNAM,Panamax,13.6,12.5
2023-03-09,TANJUNG_BARA,PARADIP,Supramax,7.7,12.5
2023-03-09,HAY_POINT,VISAKHAPATNAM,Capesize,15.4,12.5
2023-03-10,HAY_POINT,PARADIP,Capesize,14.6,12.5
2023-03-10,RICHARDS_BAY,PARADIP,Capesize,15.1,12.5
2023-03-10,NEWCASTLE,DHAMRA,Panamax,15.8,12.5
2023-03-10,TANJUNG_BARA,DHAMRA,Supramax,8.1,12.5
2023-03-10,BALIKPAPAN,KAMARAJAR,Supramax,6.9,12.5
2023-03-10,MAPUTO,VISAKHAPATNAM,Panamax,14.3,12.5
2023-03-10,HAY_POINT,DHAMRA,Capesize,14.0,12.5
2023-03-10,GLADSTONE,PARADIP,Panamax,14.4,12.5
2023-03-10,HAY_POINT,VISAKHAPATNAM,Capesize,13.0,12.5
2023-03-10,TANJUNG_BARA,PARADIP,Supramax,9.0,12.5
2023-03-11,RICHARDS_BAY,PARADIP,Capesize,15.1,12.5
2023-03-11,GLADSTONE,PARADIP,Panamax,15.9,12.5
2023-03-11,HAY_POINT,VISAKHAPATNAM,Capesize,13.2,12.5
2023-03-11,NEWCASTLE,DHAMRA,Panamax,15.8,12.5
2023-03-11,HAY_POINT,PARADIP,Capesize,14.1,12.5
2023-03-11,BALIKPAPAN,KAMARAJAR,Supramax,6.1,12.5
2023-03-11,TANJUNG_BARA,DHAMRA,Supramax,7.3,12.5
2023-03-11,TANJUNG_BARA,PARADIP,Supramax,7.8,12.5
2023-03-11,HAY_POINT,DHAMRA,Capesize,14.7,12.5
2023-03-11,MAPUTO,VISAKHAPATNAM,Panamax,13.8,12.5
2023-03-12,HAY_POINT,PARADIP,Capesize,14.3,12.5
2023-03-12,NEWCASTLE,DHAMRA,Panamax,16.1,12.5
2023-03-12,RICHARDS_BAY,PARADIP,Capesize,15.3,12.5
2023-03-12,GLADSTONE,PARADIP,Panamax,15.7,12.5
2023-03-12,HAY_POINT,VISAKHAPATNAM,Capesize,14.6,12.5
2023-03-12,TANJUNG_BARA,DHAMRA,Supramax,8.6,12.5
2023-03-12,MAPUTO,VISAKHAPATNAM,Panamax,14.5,12.5
2023-03-12,TANJUNG_BARA,PARADIP,Supramax,7.6,12.5
2023-03-12,BALIKPAPAN,KAMARAJAR,Supramax,7.5,12.5
2023-03-12,HAY_POINT,DHAMRA,Capesize,13.4,12.5
2023-03-13,TANJUNG_BARA,PARADIP,Supramax,7.9,12.5
2023-03-13,HAY_POINT,VISAKHAPATNAM,Capesize,13.7,12.5
2023-03-13,RICHARDS_BAY,PARADIP,Capesize,15.2,12.5
2023-03-13,MAPUTO,VISAKHAPATNAM,Panamax,14.4,12.5
2023-03-13,HAY_POINT,PARADIP,Capesize,13.8,12.5
2023-03-13,HAY_POINT,DHAMRA,Capesize,14.5,12.5
2023-03-13,NEWCASTLE,DHAMRA,Panamax,15.8,12.5
2023-03-13,BALIKPAPAN,KAMARAJAR,Supramax,7.3,12.5
2023-03-13,GLADSTONE,PARADIP,Panamax,15.5,12.5
2023-03-13,TANJUNG_BARA,DHAMRA,Supramax,9.4,12.5
2023-03-14,HAY_POINT,PARADIP,Capesize,14.1,12.5
2023-03-14,NEWCASTLE,DHAMRA,Panamax,15.4,12.5
2023-03-14,HAY_POINT,DHAMRA,Capesize,14.2,12.5
2023-03-14,MAPUTO,VISAKHAPATNAM,Panamax,15.8,12.5
2023-03-14,TANJUNG_BARA,PARADIP,Supramax,7.6,12.5
2023-03-14,HAY_POINT,VISAKHAPATNAM,Capesize,13.8,12.5
2023-03-14,RICHARDS_BAY,PARADIP,Capesize,15.8,12.5
2023-03-14,TANJUNG_BARA,DHAMRA,Supramax,7.6,12.5
2023-03-14,BALIKPAPAN,KAMARAJAR,Supramax,6.9,12.5
2023-03-14,GLADSTONE,PARADIP,Panamax,13.7,12.5
2023-03-15,HAY_POINT,DHAMRA,Capesize,13.9,12.5
2023-03-15,HAY_POINT,PARADIP,Capesize,14.4,12.5
2023-03-15,RICHARDS_BAY,PARADIP,Capesize,13.9,12.5
2023-03-15,NEWCASTLE,DHAMRA,Panamax,16.4,12.5
2023-03-15,TANJUNG_BARA,PARADIP,Supramax,8.3,12.5
2023-03-15,MAPUTO,VISAKHAPATNAM,Panamax,13.2,12.5
2023-03-15,BALIKPAPAN,KAMARAJAR,Supramax,7.7,12.5
2023-03-15,HAY_POINT,VISAKHAPATNAM,Capesize,14.3,12.5
2023-03-15,GLADSTONE,PARADIP,Panamax,14.1,12.5
2023-03-15,TANJUNG_BARA,DHAMRA,Supramax,8.2,12.5
2023-03-16,GLADSTONE,PARADIP,Panamax,15.5,12.5
2023-03-16,HAY_POINT,VISAKHAPATNAM,Capesize,13.8,12.5
2023-03-16,NEWCASTLE,DHAMRA,Panamax,16.3,12.5
2023-03-16,TANJUNG_BARA,DHAMRA,Supramax,7.7,12.5
2023-03-16,TANJUNG_BARA,PARADIP,Supramax,6.3,12.5
2023-03-16,HAY_POINT,PARADIP,Capesize,15.2,12.5
2023-03-16,HAY_POINT,DHAMRA,Capesize,14.2,12.5
2023-03-16,RICHARDS_BAY,PARADIP,Capesize,15.6,12.5
2023-03-16,BALIKPAPAN,KAMARAJAR,Supramax,8.6,12.5
2023-03-16,MAPUTO,VISAKHAPATNAM,Panamax,14.4,12.5
2023-03-17,HAY_POINT,PARADIP,Capesize,15.5,12.5
2023-03-17,GLADSTONE,PARADIP,Panamax,14.7,12.5
2023-03-17,NEWCASTLE,DHAMRA,Panamax,15.8,12.5
2023-03-17,HAY_POINT,DHAMRA,Capesize,13.9,12.5
2023-03-17,RICHARDS_BAY,PARADIP,Capesize,15.5,12.5
2023-03-17,TANJUNG_BARA,DHAMRA,Supramax,8.4,12.5
2023-03-17,TANJUNG_BARA,PARADIP,Supramax,9.7,12.5
2023-03-17,HAY_POINT,VISAKHAPATNAM,Capesize,14.3,12.5
2023-03-17,BALIKPAPAN,KAMARAJAR,Supramax,7.1,12.5
2023-03-17,MAPUTO,VISAKHAPATNAM,Panamax,15.0,12.5
2023-03-18,NEWCASTLE,DHAMRA,Panamax,16.6,12.5
2023-03-18,TANJUNG_BARA,DHAMRA,Supramax,7.2,12.5
2023-03-18,TANJUNG_BARA,PARADIP,Supramax,9.0,12.5
2023-03-18,HAY_POINT,PARADIP,Capesize,15.3,12.5
2023-03-18,HAY_POINT,VISAKHAPATNAM,Capesize,14.0,12.5
2023-03-18,HAY_POINT,DHAMRA,Capesize,13.7,12.5
2023-03-18,BALIKPAPAN,KAMARAJAR,Supramax,7.6,12.5
2023-03-18,MAPUTO,VISAKHAPATNAM,Panamax,15.0,12.5
2023-03-18,RICHARDS_BAY,PARADIP,Capesize,14.8,12.5
2023-03-18,GLADSTONE,PARADIP,Panamax,15.2,12.5
2023-03-19,BALIKPAPAN,KAMARAJAR,Supramax,7.8,12.5
2023-03-19,TANJUNG_BARA,DHAMRA,Supramax,7.7,12.5
2023-03-19,HAY_POINT,PARADIP,Capesize,13.1,12.5
2023-03-19,TANJUNG_BARA,PARADIP,Supramax,8.7,12.5
2023-03-19,RICHARDS_BAY,PARADIP,Capesize,14.7,12.5
2023-03-19,MAPUTO,VISAKHAPATNAM,Panamax,15.0,12.5
2023-03-19,HAY_POINT,DHAMRA,Capesize,12.7,12.5
2023-03-19,GLADSTONE,PARADIP,Panamax,14.9,12.5
2023-03-19,NEWCASTLE,DHAMRA,Panamax,17.5,12.5
2023-03-19,HAY_POINT,VISAKHAPATNAM,Capesize,15.1,12.5
2023-03-20,MAPUTO,VISAKHAPATNAM,Panamax,15.0,12.5
2023-03-20,NEWCASTLE,DHAMRA,Panamax,15.4,12.5
2023-03-20,TANJUNG_BARA,PARADIP,Supramax,7.1,12.5
2023-03-20,TANJUNG_BARA,DHAMRA,Supramax,6.7,12.5
2023-03-20,GLADSTONE,PARADIP,Panamax,13.5,12.5
2023-03-20,HAY_POINT,PARADIP,Capesize,15.4,12.5
2023-03-20,BALIKPAPAN,KAMARAJAR,Supramax,7.1,12.5
2023-03-20,RICHARDS_BAY,PARADIP,Capesize,15.3,12.5
2023-03-20,HAY_POINT,DHAMRA,Capesize,14.2,12.5
2023-03-20,HAY_POINT,VISAKHAPATNAM,Capesize,14.2,12.5
2023-03-21,NEWCASTLE,DHAMRA,Panamax,16.5,12.5
2023-03-21,GLADSTONE,PARADIP,Panamax,15.4,12.5
2023-03-21,TANJUNG_BARA,DHAMRA,Supramax,7.2,12.5
2023-03-21,RICHARDS_BAY,PARADIP,Capesize,15.7,12.5
2023-03-21,HAY_POINT,VISAKHAPATNAM,Capesize,12.7,12.5
2023-03-21,HAY_POINT,PARADIP,Capesize,13.3,12.5
2023-03-21,TANJUNG_BARA,PARADIP,Supramax,7.4,12.5
2023-03-21,MAPUTO,VISAKHAPATNAM,Panamax,15.2,12.5
2023-03-21,BALIKPAPAN,KAMARAJAR,Supramax,6.9,12.5
2023-03-21,HAY_POINT,DHAMRA,Capesize,15.0,12.5
2023-03-22,TANJUNG_BARA,DHAMRA,Supramax,7.5,12.5
2023-03-22,GLADSTONE,PARADIP,Panamax,16.1,12.5
2023-03-22,HAY_POINT,VISAKHAPATNAM,Capesize,14.7,12.5
2023-03-22,NEWCASTLE,DHAMRA,Panamax,16.2,12.5
2023-03-22,RICHARDS_BAY,PARADIP,Capesize,14.9,12.5
2023-03-22,HAY_POINT,PARADIP,Capesize,14.2,12.5
2023-03-22,TANJUNG_BARA,PARADIP,Supramax,8.3,12.5
2023-03-22,BALIKPAPAN,KAMARAJAR,Supramax,8.6,12.5
2023-03-22,MAPUTO,VISAKHAPATNAM,Panamax,15.1,12.5
2023-03-22,HAY_POINT,DHAMRA,Capesize,13.5,12.5
2023-03-23,GLADSTONE,PARADIP,Panamax,14.9,12.5
2023-03-23,RICHARDS_BAY,PARADIP,Capesize,15.8,12.5
2023-03-23,NEWCASTLE,DHAMRA,Panamax,16.5,12.5
2023-03-23,MAPUTO,VISAKHAPATNAM,Panamax,14.0,12.5
2023-03-23,HAY_POINT,PARADIP,Capesize,13.8,12.5
2023-03-23,HAY_POINT,DHAMRA,Capesize,13.2,12.5
2023-03-23,TANJUNG_BARA,PARADIP,Supramax,7.5,12.5
2023-03-23,HAY_POINT,VISAKHAPATNAM,Capesize,14.0,12.5
2023-03-23,TANJUNG_BARA,DHAMRA,Supramax,8.0,12.5
2023-03-23,BALIKPAPAN,KAMARAJAR,Supramax,7.8,12.5
2023-03-24,HAY_POINT,DHAMRA,Capesize,14.1,12.5
2023-03-24,MAPUTO,VISAKHAPATNAM,Panamax,14.1,12.5
2023-03-24,GLADSTONE,PARADIP,Panamax,14.8,12.5
2023-03-24,RICHARDS_BAY,PARADIP,Capesize,15.1,12.5
2023-03-24,NEWCASTLE,DHAMRA,Panamax,16.2,12.5
2023-03-24,HAY_POINT,PARADIP,Capesize,14.5,12.5
2023-03-24,TANJUNG_BARA,PARADIP,Supramax,9.1,12.5
2023-03-24,TANJUNG_BARA,DHAMRA,Supramax,8.0,12.5
2023-03-24,BALIKPAPAN,KAMARAJAR,Supramax,6.6,12.5
2023-03-24,HAY_POINT,VISAKHAPATNAM,Capesize,13.7,12.5
2023-03-25,MAPUTO,VISAKHAPATNAM,Panamax,15.2,12.5
2023-03-25,NEWCASTLE,DHAMRA,Panamax,15.7,12.5
2023-03-25,BALIKPAPAN,KAMARAJAR,Supramax,7.6,12.5
2023-03-25,TANJUNG_BARA,PARADIP,Supramax,8.7,12.5
2023-03-25,HAY_POINT,DHAMRA,Capesize,14.3,12.5
2023-03-25,TANJUNG_BARA,DHAMRA,Supramax,7.0,12.5
2023-03-25,RICHARDS_BAY,PARADIP,Capesize,16.5,12.5
2023-03-25,GLADSTONE,PARADIP,Panamax,15.4,12.5
2023-03-25,HAY_POINT,PARADIP,Capesize,14.8,12.5
2023-03-25,HAY_POINT,VISAKHAPATNAM,Capesize,13.7,12.5
2023-03-26,BALIKPAPAN,KAMARAJAR,Supramax,7.7,12.5
2023-03-26,TANJUNG_BARA,PARADIP,Supramax,8.6,12.5
2023-03-26,TANJUNG_BARA,DHAMRA,Supramax,8.0,12.5
2023-03-26,RICHARDS_BAY,PARADIP,Capesize,15.1,12.5
2023-03-26,NEWCASTLE,DHAMRA,Panamax,14.9,12.5
2023-03-26,MAPUTO,VISAKHAPATNAM,Panamax,13.9,12.5
2023-03-26,HAY_POINT,VISAKHAPATNAM,Capesize,14.6,12.5
2023-03-26,GLADSTONE,PARADIP,Panamax,15.9,12.5
2023-03-26,HAY_POINT,PARADIP,Capesize,14.9,12.5
2023-03-26,HAY_POINT,DHAMRA,Capesize,15.3,12.5
2023-03-27,HAY_POINT,DHAMRA,Capesize,15.1,12.5
2023-03-27,GLADSTONE,PARADIP,Panamax,14.2,12.5
2023-03-27,HAY_POINT,PARADIP,Capesize,14.3,12.5
2023-03-27,HAY_POINT,VISAKHAPATNAM,Capesize,13.6,12.5
2023-03-27,BALIKPAPAN,KAMARAJAR,Supramax,7.7,12.5
2023-03-27,TANJUNG_BARA,DHAMRA,Supramax,8.3,12.5
2023-03-27,NEWCASTLE,DHAMRA,Panamax,16.3,12.5
2023-03-27,MAPUTO,VISAKHAPATNAM,Panamax,14.5,12.5
2023-03-27,RICHARDS_BAY,PARADIP,Capesize,14.8,12.5
2023-03-27,TANJUNG_BARA,PARADIP,Supramax,8.4,12.5
2023-03-28,HAY_POINT,PARADIP,Capesize,14.6,12.5
2023-03-28,HAY_POINT,DHAMRA,Capesize,13.9,12.5
2023-03-28,NEWCASTLE,DHAMRA,Panamax,15.9,12.5
2023-03-28,TANJUNG_BARA,DHAMRA,Supramax,9.3,12.5
2023-03-28,MAPUTO,VISAKHAPATNAM,Panamax,13.4,12.5
2023-03-28,TANJUNG_BARA,PARADIP,Supramax,6.8,12.5
2023-03-28,BALIKPAPAN,KAMARAJAR,Supramax,6.4,12.5
2023-03-28,HAY_POINT,VISAKHAPATNAM,Capesize,14.8,12.5
2023-03-28,GLADSTONE,PARADIP,Panamax,14.3,12.5
2023-03-28,RICHARDS_BAY,PARADIP,Capesize,16.0,12.5
2023-03-29,GLADSTONE,PARADIP,Panamax,14.4,12.5
2023-03-29,TANJUNG_BARA,PARADIP,Supramax,8.3,12.5
2023-03-29,BALIKPAPAN,KAMARAJAR,Supramax,8.0,12.5
2023-03-29,RICHARDS_BAY,PARADIP,Capesize,15.2,12.5
2023-03-29,TANJUNG_BARA,DHAMRA,Supramax,7.2,12.5
2023-03-29,HAY_POINT,PARADIP,Capesize,13.7,12.5
2023-03-29,HAY_POINT,VISAKHAPATNAM,Capesize,13.6,12.5
2023-03-29,NEWCASTLE,DHAMRA,Panamax,16.7,12.5
2023-03-29,HAY_POINT,DHAMRA,Capesize,14.1,12.5
2023-03-29,MAPUTO,VISAKHAPATNAM,Panamax,14.5,12.5
2023-03-30,RICHARDS_BAY,PARADIP,Capesize,15.1,12.5
2023-03-30,HAY_POINT,PARADIP,Capesize,14.5,12.5
2023-03-30,HAY_POINT,VISAKHAPATNAM,Capesize,13.2,12.5
2023-03-30,BALIKPAPAN,KAMARAJAR,Supramax,7.4,12.5
2023-03-30,TANJUNG_BARA,PARADIP,Supramax,8.5,12.5
2023-03-30,MAPUTO,VISAKHAPATNAM,Panamax,15.3,12.5
2023-03-30,TANJUNG_BARA,DHAMRA,Supramax,8.2,12.5
2023-03-30,HAY_POINT,DHAMRA,Capesize,14.8,12.5
2023-03-30,NEWCASTLE,DHAMRA,Panamax,16.0,12.5
2023-03-30,GLADSTONE,PARADIP,Panamax,16.0,12.5
2023-03-31,NEWCASTLE,DHAMRA,Panamax,15.1,12.5
2023-03-31,TANJUNG_BARA,DHAMRA,Supramax,7.8,12.5
2023-03-31,HAY_POINT,DHAMRA,Capesize,13.5,12.5
2023-03-31,HAY_POINT,VISAKHAPATNAM,Capesize,12.6,12.5
2023-03-31,GLADSTONE,PARADIP,Panamax,15.7,12.5
2023-03-31,HAY_POINT,PARADIP,Capesize,13.9,12.5
2023-03-31,RICHARDS_BAY,PARADIP,Capesize,14.6,12.5
2023-03-31,MAPUTO,VISAKHAPATNAM,Panamax,15.6,12.5
2023-03-31,TANJUNG_BARA,PARADIP,Supramax,8.2,12.5
2023-03-31,BALIKPAPAN,KAMARAJAR,Supramax,8.4,12.5
2023-04-01,TANJUNG_BARA,PARADIP,Supramax,8.4,12.5
2023-04-01,BALIKPAPAN,KAMARAJAR,Supramax,8.2,12.5
2023-04-01,HAY_POINT,VISAKHAPATNAM,Capesize,14.6,12.5
2023-04-01,GLADSTONE,PARADIP,Panamax,15.0,12.5
2023-04-01,MAPUTO,VISAKHAPATNAM,Panamax,14.6,12.5
2023-04-01,NEWCASTLE,DHAMRA,Panamax,16.1,12.5
2023-04-01,HAY_POINT,DHAMRA,Capesize,13.5,12.5
2023-04-01,RICHARDS_BAY,PARADIP,Capesize,15.6,12.5
2023-04-01,TANJUNG_BARA,DHAMRA,Supramax,7.6,12.5
2023-04-01,HAY_POINT,PARADIP,Capesize,14.4,12.5
2023-04-02,TANJUNG_BARA,PARADIP,Supramax,8.9,12.5
2023-04-02,MAPUTO,VISAKHAPATNAM,Panamax,15.0,12.5
2023-04-02,GLADSTONE,PARADIP,Panamax,16.3,12.5
2023-04-02,HAY_POINT,DHAMRA,Capesize,14.0,12.5
2023-04-02,HAY_POINT,VISAKHAPATNAM,Capesize,13.2,12.5
2023-04-02,TANJUNG_BARA,DHAMRA,Supramax,7.9,12.5
2023-04-02,BALIKPAPAN,KAMARAJAR,Supramax,7.2,12.5
2023-04-02,NEWCASTLE,DHAMRA,Panamax,15.5,12.5
2023-04-02,RICHARDS_BAY,PARADIP,Capesize,15.5,12.5
2023-04-02,HAY_POINT,PARADIP,Capesize,15.0,12.5
2023-04-03,HAY_POINT,PARADIP,Capesize,13.7,12.5
2023-04-03,BALIKPAPAN,KAMARAJAR,Supramax,7.2,12.5
2023-04-03,MAPUTO,VISAKHAPATNAM,Panamax,13.7,12.5
2023-04-03,TANJUNG_BARA,PARADIP,Supramax,7.8,12.5
2023-04-03,GLADSTONE,PARADIP,Panamax,15.6,12.5
2023-04-03,RICHARDS_BAY,PARADIP,Capesize,14.9,12.5
2023-04-03,HAY_POINT,VISAKHAPATNAM,Capesize,14.1,12.5
2023-04-03,NEWCASTLE,DHAMRA,Panamax,15.8,12.5
2023-04-03,HAY_POINT,DHAMRA,Capesize,14.4,12.5
2023-04-03,TANJUNG_BARA,DHAMRA,Supramax,5.3,12.5
2023-04-04,HAY_POINT,DHAMRA,Capesize,13.4,12.5
2023-04-04,HAY_POINT,PARADIP,Capesize,13.4,12.5
2023-04-04,HAY_POINT,VISAKHAPATNAM,Capesize,15.1,12.5
2023-04-04,BALIKPAPAN,KAMARAJAR,Supramax,6.4,12.5
2023-04-04,MAPUTO,VISAKHAPATNAM,Panamax,15.7,12.5
2023-04-04,NEWCASTLE,DHAMRA,Panamax,16.2,12.5
2023-04-04,TANJUNG_BARA,DHAMRA,Supramax,7.4,12.5
2023-04-04,GLADSTONE,PARADIP,Panamax,14.5,12.5
2023-04-04,RICHARDS_BAY,PARADIP,Capesize,15.4,12.5
2023-04-04,TANJUNG_BARA,PARADIP,Supramax,7.6,12.5
2023-04-05,TANJUNG_BARA,PARADIP,Supramax,9.3,12.5
2023-04-05,HAY_POINT,VISAKHAPATNAM,Capesize,13.4,12.5
2023-04-05,TANJUNG_BARA,DHAMRA,Supramax,7.7,12.5
2023-04-05,GLADSTONE,PARADIP,Panamax,15.4,12.5
2023-04-05,MAPUTO,VISAKHAPATNAM,Panamax,14.7,12.5
2023-04-05,BALIKPAPAN,KAMARAJAR,Supramax,8.0,12.5
2023-04-05,HAY_POINT,PARADIP,Capesize,13.8,12.5
2023-04-05,RICHARDS_BAY,PARADIP,Capesize,15.6,12.5
2023-04-05,NEWCASTLE,DHAMRA,Panamax,15.8,12.5
2023-04-05,HAY_POINT,DHAMRA,Capesize,14.3,12.5
2023-04-06,TANJUNG_BARA,PARADIP,Supramax,8.9,12.5
2023-04-06,HAY_POINT,PARADIP,Capesize,14.7,12.5
2023-04-06,HAY_POINT,DHAMRA,Capesize,14.1,12.5
2023-04-06,TANJUNG_BARA,DHAMRA,Supramax,7.5,12.5
2023-04-06,RICHARDS_BAY,PARADIP,Capesize,16.4,12.5
2023-04-06,GLADSTONE,PARADIP,Panamax,14.8,12.5
2023-04-06,NEWCASTLE,DHAMRA,Panamax,17.2,12.5
2023-04-06,MAPUTO,VISAKHAPATNAM,Panamax,14.5,12.5
2023-04-06,BALIKPAPAN,KAMARAJAR,Supramax,7.4,12.5
2023-04-06,HAY_POINT,VISAKHAPATNAM,Capesize,14.6,12.5
2023-04-07,BALIKPAPAN,KAMARAJAR,Supramax,7.2,12.5
2023-04-07,TANJUNG_BARA,PARADIP,Supramax,7.3,12.5
2023-04-07,MAPUTO,VISAKHAPATNAM,Panamax,13.9,12.5
2023-04-07,HAY_POINT,PARADIP,Capesize,15.3,12.5
2023-04-07,GLADSTONE,PARADIP,Panamax,15.2,12.5
2023-04-07,HAY_POINT,DHAMRA,Capesize,13.4,12.5
2023-04-07,TANJUNG_BARA,DHAMRA,Supramax,7.6,12.5
2023-04-07,NEWCASTLE,DHAMRA,Panamax,14.9,12.5
2023-04-07,HAY_POINT,VISAKHAPATNAM,Capesize,15.8,12.5
2023-04-07,RICHARDS_BAY,PARADIP,Capesize,14.6,12.5
2023-04-08,MAPUTO,VISAKHAPATNAM,Panamax,14.4,12.5
2023-04-08,HAY_POINT,PARADIP,Capesize,14.2,12.5
2023-04-08,RICHARDS_BAY,PARADIP,Capesize,14.4,12.5
2023-04-08,TANJUNG_BARA,PARADIP,Supramax,7.2,12.5
2023-04-08,NEWCASTLE,DHAMRA,Panamax,16.2,12.5
2023-04-08,HAY_POINT,VISAKHAPATNAM,Capesize,14.0,12.5
2023-04-08,GLADSTONE,PARADIP,Panamax,15.3,12.5
2023-04-08,HAY_POINT,DHAMRA,Capesize,15.4,12.5
2023-04-08,BALIKPAPAN,KAMARAJAR,Supramax,7.4,12.5
2023-04-08,TANJUNG_BARA,DHAMRA,Supramax,7.7,12.5
2023-04-09,HAY_POINT,PARADIP,Capesize,14.5,12.5
2023-04-09,HAY_POINT,VISAKHAPATNAM,Capesize,14.9,12.5
2023-04-09,TANJUNG_BARA,DHAMRA,Supramax,7.7,12.5
2023-04-09,TANJUNG_BARA,PARADIP,Supramax,7.8,12.5
2023-04-09,HAY_POINT,DHAMRA,Capesize,15.9,12.5
2023-04-09,NEWCASTLE,DHAMRA,Panamax,16.3,12.5
2023-04-09,GLADSTONE,PARADIP,Panamax,14.7,12.5
2023-04-09,RICHARDS_BAY,PARADIP,Capesize,14.8,12.5
2023-04-09,MAPUTO,VISAKHAPATNAM,Panamax,15.5,12.5
2023-04-09,BALIKPAPAN,KAMARAJAR,Supramax,8.2,12.5
2023-04-10,GLADSTONE,PARADIP,Panamax,15.7,12.5
2023-04-10,HAY_POINT,VISAKHAPATNAM,Capesize,13.6,12.5
2023-04-10,TANJUNG_BARA,DHAMRA,Supramax,8.1,12.5
2023-04-10,BALIKPAPAN,KAMARAJAR,Supramax,6.6,12.5
2023-04-10,HAY_POINT,PARADIP,Capesize,13.9,12.5
2023-04-10,MAPUTO,VISAKHAPATNAM,Panamax,14.2,12.5
2023-04-10,RICHARDS_BAY,PARADIP,Capesize,13.8,12.5
2023-04-10,HAY_POINT,DHAMRA,Capesize,13.5,12.5
2023-04-10,NEWCASTLE,DHAMRA,Panamax,15.3,12.5
2023-04-10,TANJUNG_BARA,PARADIP,Supramax,8.5,12.5
2023-04-11,TANJUNG_BARA,PARADIP,Supramax,8.0,12.5
2023-04-11,HAY_POINT,DHAMRA,Capesize,15.3,12.5
2023-04-11,BALIKPAPAN,KAMARAJAR,Supramax,7.2,12.5
2023-04-11,MAPUTO,VISAKHAPATNAM,Panamax,14.1,12.5
2023-04-11,GLADSTONE,PARADIP,Panamax,15.0,12.5
2023-04-11,HAY_POINT,PARADIP,Capesize,14.7,12.5
2023-04-11,NEWCASTLE,DHAMRA,Panamax,17.3,12.5
2023-04-11,RICHARDS_BAY,PARADIP,Capesize,14.4,12.5
2023-04-11,HAY_POINT,VISAKHAPATNAM,Capesize,15.4,12.5
2023-04-11,TANJUNG_BARA,DHAMRA,Supramax,8.2,12.5
2023-04-12,GLADSTONE,PARADIP,Panamax,15.8,12.5
2023-04-12,RICHARDS_BAY,PARADIP,Capesize,15.0,12.5
2023-04-12,BALIKPAPAN,KAMARAJAR,Supramax,7.8,12.5
2023-04-12,HAY_POINT,DHAMRA,Capesize,14.2,12.5
2023-04-12,HAY_POINT,VISAKHAPATNAM,Capesize,14.1,12.5
2023-04-12,MAPUTO,VISAKHAPATNAM,Panamax,14.5,12.5
2023-04-12,HAY_POINT,PARADIP,Capesize,14.2,12.5
2023-04-12,TANJUNG_BARA,PARADIP,Supramax,8.0,12.5
2023-04-12,NEWCASTLE,DHAMRA,Panamax,15.4,12.5
2023-04-12,TANJUNG_BARA,DHAMRA,Supramax,8.9,12.5
2023-04-13,RICHARDS_BAY,PARADIP,Capesize,15.3,12.5
2023-04-13,HAY_POINT,DHAMRA,Capesize,14.6,12.5
2023-04-13,GLADSTONE,PARADIP,Panamax,16.1,12.5
2023-04-13,HAY_POINT,VISAKHAPATNAM,Capesize,14.0,12.5
2023-04-13,HAY_POINT,PARADIP,Capesize,14.2,12.5
2023-04-13,TANJUNG_BARA,DHAMRA,Supramax,7.0,12.5
2023-04-13,NEWCASTLE,DHAMRA,Panamax,16.2,12.5
2023-04-13,TANJUNG_BARA,PARADIP,Supramax,8.0,12.5
2023-04-13,MAPUTO,VISAKHAPATNAM,Panamax,15.4,12.5
2023-04-13,BALIKPAPAN,KAMARAJAR,Supramax,6.4,12.5
2023-04-14,HAY_POINT,PARADIP,Capesize,14.0,12.5
2023-04-14,MAPUTO,VISAKHAPATNAM,Panamax,15.4,12.5
2023-04-14,GLADSTONE,PARADIP,Panamax,15.8,12.5
2023-04-14,BALIKPAPAN,KAMARAJAR,Supramax,7.0,12.5
2023-04-14,NEWCASTLE,DHAMRA,Panamax,16.3,12.5
2023-04-14,TANJUNG_BARA,DHAMRA,Supramax,7.7,12.5
2023-04-14,HAY_POINT,VISAKHAPATNAM,Capesize,14.7,12.5
2023-04-14,HAY_POINT,DHAMRA,Capesize,14.6,12.5
2023-04-14,TANJUNG_BARA,PARADIP,Supramax,8.1,12.5
2023-04-14,RICHARDS_BAY,PARADIP,Capesize,15.9,12.5
2023-04-15,BALIKPAPAN,KAMARAJAR,Supramax,8.4,12.5
2023-04-15,HAY_POINT,DHAMRA,Capesize,13.6,12.5
2023-04-15,MAPUTO,VISAKHAPATNAM,Panamax,14.4,12.5
2023-04-15,TANJUNG_BARA,DHAMRA,Supramax,8.1,12.5
2023-04-15,NEWCASTLE,DHAMRA,Panamax,16.3,12.5
2023-04-15,RICHARDS_BAY,PARADIP,Capesize,15.3,12.5
2023-04-15,HAY_POINT,PARADIP,Capesize,15.1,12.5
2023-04-15,TANJUNG_BARA,PARADIP,Supramax,8.6,12.5
2023-04-15,HAY_POINT,VISAKHAPATNAM,Capesize,14.6,12.5
2023-04-15,GLADSTONE,PARADIP,Panamax,14.9,12.5
2023-04-16,TANJUNG_BARA,PARADIP,Supramax,8.0,12.5
2023-04-16,NEWCASTLE,DHAMRA,Panamax,15.1,12.5
2023-04-16,MAPUTO,VISAKHAPATNAM,Panamax,14.4,12.5
2023-04-16,BALIKPAPAN,KAMARAJAR,Supramax,7.9,12.5
2023-04-16,HAY_POINT,DHAMRA,Capesize,14.9,12.5
2023-04-16,TANJUNG_BARA,DHAMRA,Supramax,6.2,12.5
2023-04-16,RICHARDS_BAY,PARADIP,Capesize,14.5,12.5
2023-04-16,HAY_POINT,VISAKHAPATNAM,Capesize,14.1,12.5
2023-04-16,HAY_POINT,PARADIP,Capesize,14.5,12.5
2023-04-16,GLADSTONE,PARADIP,Panamax,15.0,12.5
2023-04-17,GLADSTONE,PARADIP,Panamax,15.5,12.5
2023-04-17,RICHARDS_BAY,PARADIP,Capesize,14.5,12.5
2023-04-17,TANJUNG_BARA,PARADIP,Supramax,7.2,12.5
2023-04-17,TANJUNG_BARA,DHAMRA,Supramax,7.3,12.5
2023-04-17,HAY_POINT,PARADIP,Capesize,14.6,12.5
2023-04-17,NEWCASTLE,DHAMRA,Panamax,14.7,12.5
2023-04-17,MAPUTO,VISAKHAPATNAM,Panamax,14.3,12.5
2023-04-17,HAY_POINT,DHAMRA,Capesize,14.4,12.5
2023-04-17,HAY_POINT,VISAKHAPATNAM,Capesize,13.1,12.5
2023-04-17,BALIKPAPAN,KAMARAJAR,Supramax,5.7,12.5
2023-04-18,HAY_POINT,PARADIP,Capesize,14.6,12.5
2023-04-18,GLADSTONE,PARADIP,Panamax,15.3,12.5
2023-04-18,NEWCASTLE,DHAMRA,Panamax,15.6,12.5
2023-04-18,MAPUTO,VISAKHAPATNAM,Panamax,13.9,12.5
2023-04-18,TANJUNG_BARA,PARADIP,Supramax,7.3,12.5
2023-04-18,HAY_POINT,DHAMRA,Capesize,14.1,12.5
2023-04-18,TANJUNG_BARA,DHAMRA,Supramax,7.9,12.5
2023-04-18,HAY_POINT,VISAKHAPATNAM,Capesize,13.8,12.5
2023-04-18,BALIKPAPAN,KAMARAJAR,Supramax,7.4,12.5
2023-04-18,RICHARDS_BAY,PARADIP,Capesize,16.4,12.5
2023-04-19,GLADSTONE,PARADIP,Panamax,14.8,12.5
2023-04-19,BALIKPAPAN,KAMARAJAR,Supramax,7.2,12.5
2023-04-19,TANJUNG_BARA,DHAMRA,Supramax,7.1,12.5
2023-04-19,TANJUNG_BARA,PARADIP,Supramax,6.9,12.5
2023-04-19,HAY_POINT,DHAMRA,Capesize,14.8,12.5
2023-04-19,HAY_POINT,PARADIP,Capesize,13.0,12.5
2023-04-19,HAY_POINT,VISAKHAPATNAM,Capesize,13.5,12.5
2023-04-19,MAPUTO,VISAKHAPATNAM,Panamax,14.7,12.5
2023-04-19,NEWCASTLE,DHAMRA,Panamax,15.1,12.5
2023-04-19,RICHARDS_BAY,PARADIP,Capesize,15.4,12.5
2023-04-20,HAY_POINT,DHAMRA,Capesize,14.9,12.5
2023-04-20,BALIKPAPAN,KAMARAJAR,Supramax,7.1,12.5
2023-04-20,HAY_POINT,PARADIP,Capesize,14.9,12.5
2023-04-20,NEWCASTLE,DHAMRA,Panamax,15.7,12.5
2023-04-20,RICHARDS_BAY,PARADIP,Capesize,14.4,12.5
2023-04-20,HAY_POINT,VISAKHAPATNAM,Capesize,13.3,12.5
2023-04-20,TANJUNG_BARA,PARADIP,Supramax,8.2,12.5
2023-04-20,TANJUNG_BARA,DHAMRA,Supramax,8.2,12.5
2023-04-20,GLADSTONE,PARADIP,Panamax,16.0,12.5
2023-04-20,MAPUTO,VISAKHAPATNAM,Panamax,15.1,12.5
2023-04-21,TANJUNG_BARA,PARADIP,Supramax,8.7,12.5
2023-04-21,TANJUNG_BARA,DHAMRA,Supramax,8.6,12.5
2023-04-21,HAY_POINT,VISAKHAPATNAM,Capesize,13.9,12.5
2023-04-21,HAY_POINT,DHAMRA,Capesize,14.2,12.5
2023-04-21,NEWCASTLE,DHAMRA,Panamax,16.5,12.5
2023-04-21,RICHARDS_BAY,PARADIP,Capesize,14.3,12.5
2023-04-21,MAPUTO,VISAKHAPATNAM,Panamax,15.6,12.5
2023-04-21,HAY_POINT,PARADIP,Capesize,14.5,12.5
2023-04-21,GLADSTONE,PARADIP,Panamax,16.2,12.5
2023-04-21,BALIKPAPAN,KAMARAJAR,Supramax,8.2,12.5
2023-04-22,BALIKPAPAN,KAMARAJAR,Supramax,6.2,12.5
2023-04-22,GLADSTONE,PARADIP,Panamax,15.7,12.5
2023-04-22,HAY_POINT,VISAKHAPATNAM,Capesize,14.3,12.5
2023-04-22,HAY_POINT,PARADIP,Capesize,13.3,12.5
2023-04-22,NEWCASTLE,DHAMRA,Panamax,15.6,12.5
2023-04-22,MAPUTO,VISAKHAPATNAM,Panamax,15.2,12.5
2023-04-22,TANJUNG_BARA,DHAMRA,Supramax,7.8,12.5
2023-04-22,TANJUNG_BARA,PARADIP,Supramax,6.4,12.5
2023-04-22,RICHARDS_BAY,PARADIP,Capesize,15.9,12.5
2023-04-22,HAY_POINT,DHAMRA,Capesize,15.2,12.5
2023-04-23,HAY_POINT,VISAKHAPATNAM,Capesize,14.3,12.5
2023-04-23,TANJUNG_BARA,PARADIP,Supramax,7.9,12.5
2023-04-23,NEWCASTLE,DHAMRA,Panamax,16.1,12.5
2023-04-23,RICHARDS_BAY,PARADIP,Capesize,16.3,12.5
2023-04-23,HAY_POINT,DHAMRA,Capesize,14.6,12.5
2023-04-23,HAY_POINT,PARADIP,Capesize,14.3,12.5
2023-04-23,BALIKPAPAN,KAMARAJAR,Supramax,7.6,12.5
2023-04-23,GLADSTONE,PARADIP,Panamax,16.0,12.5
2023-04-23,MAPUTO,VISAKHAPATNAM,Panamax,14.2,12.5
2023-04-23,TANJUNG_BARA,DHAMRA,Supramax,8.1,12.5
2023-04-24,RICHARDS_BAY,PARADIP,Capesize,15.0,12.5
2023-04-24,HAY_POINT,PARADIP,Capesize,14.5,12.5
2023-04-24,TANJUNG_BARA,DHAMRA,Supramax,7.8,12.5
2023-04-24,GLADSTONE,PARADIP,Panamax,14.9,12.5
2023-04-24,HAY_POINT,VISAKHAPATNAM,Capesize,15.6,12.5
2023-04-24,MAPUTO,VISAKHAPATNAM,Panamax,14.2,12.5
2023-04-24,BALIKPAPAN,KAMARAJAR,Supramax,8.2,12.5
2023-04-24,HAY_POINT,DHAMRA,Capesize,14.4,12.5
2023-04-24,NEWCASTLE,DHAMRA,Panamax,16.4,12.5
2023-04-24,TANJUNG_BARA,PARADIP,Supramax,7.3,12.5
2023-04-25,NEWCASTLE,DHAMRA,Panamax,16.7,12.5
2023-04-25,GLADSTONE,PARADIP,Panamax,14.7,12.5
2023-04-25,TANJUNG_BARA,PARADIP,Supramax,8.2,12.5
2023-04-25,RICHARDS_BAY,PARADIP,Capesize,15.7,12.5
2023-04-25,HAY_POINT,PARADIP,Capesize,15.3,12.5
2023-04-25,HAY_POINT,VISAKHAPATNAM,Capesize,13.4,12.5
2023-04-25,HAY_POINT,DHAMRA,Capesize,15.0,12.5
2023-04-25,BALIKPAPAN,KAMARAJAR,Supramax,8.2,12.5
2023-04-25,TANJUNG_BARA,DHAMRA,Supramax,8.4,12.5
2023-04-25,MAPUTO,VISAKHAPATNAM,Panamax,15.7,12.5
2023-04-26,RICHARDS_BAY,PARADIP,Capesize,16.4,12.5
2023-04-26,HAY_POINT,DHAMRA,Capesize,13.9,12.5
2023-04-26,HAY_POINT,VISAKHAPATNAM,Capesize,13.2,12.5
2023-04-26,MAPUTO,VISAKHAPATNAM,Panamax,14.4,12.5
2023-04-26,HAY_POINT,PARADIP,Capesize,13.7,12.5
2023-04-26,BALIKPAPAN,KAMARAJAR,Supramax,9.2,12.5
2023-04-26,NEWCASTLE,DHAMRA,Panamax,16.0,12.5
2023-04-26,TANJUNG_BARA,PARADIP,Supramax,7.2,12.5
2023-04-26,GLADSTONE,PARADIP,Panamax,15.3,12.5
2023-04-26,TANJUNG_BARA,DHAMRA,Supramax,8.4,12.5
2023-04-27,MAPUTO,VISAKHAPATNAM,Panamax,14.3,12.5
2023-04-27,GLADSTONE,PARADIP,Panamax,16.0,12.5
2023-04-27,NEWCASTLE,DHAMRA,Panamax,16.5,12.5
2023-04-27,HAY_POINT,PARADIP,Capesize,14.6,12.5
2023-04-27,HAY_POINT,VISAKHAPATNAM,Capesize,12.8,12.5
2023-04-27,TANJUNG_BARA,PARADIP,Supramax,8.2,12.5
2023-04-27,BALIKPAPAN,KAMARAJAR,Supramax,6.8,12.5
2023-04-27,RICHARDS_BAY,PARADIP,Capesize,13.6,12.5
2023-04-27,HAY_POINT,DHAMRA,Capesize,14.9,12.5
2023-04-27,TANJUNG_BARA,DHAMRA,Supramax,7.6,12.5
2023-04-28,TANJUNG_BARA,PARADIP,Supramax,8.0,12.5
2023-04-28,HAY_POINT,DHAMRA,Capesize,14.4,12.5
2023-04-28,HAY_POINT,VISAKHAPATNAM,Capesize,14.9,12.5
2023-04-28,GLADSTONE,PARADIP,Panamax,17.2,12.5
2023-04-28,MAPUTO,VISAKHAPATNAM,Panamax,14.6,12.5
2023-04-28,TANJUNG_BARA,DHAMRA,Supramax,7.5,12.5
2023-04-28,NEWCASTLE,DHAMRA,Panamax,16.9,12.5
2023-04-28,BALIKPAPAN,KAMARAJAR,Supramax,8.0,12.5
2023-04-28,RICHARDS_BAY,PARADIP,Capesize,16.6,12.5
2023-04-28,HAY_POINT,PARADIP,Capesize,14.6,12.5
2023-04-29,MAPUTO,VISAKHAPATNAM,Panamax,15.1,12.5
2023-04-29,TANJUNG_BARA,DHAMRA,Supramax,7.3,12.5
2023-04-29,NEWCASTLE,DHAMRA,Panamax,16.5,12.5
2023-04-29,HAY_POINT,VISAKHAPATNAM,Capesize,13.6,12.5
2023-04-29,GLADSTONE,PARADIP,Panamax,15.7,12.5
2023-04-29,RICHARDS_BAY,PARADIP,Capesize,15.1,12.5
2023-04-29,HAY_POINT,PARADIP,Capesize,14.8,12.5
2023-04-29,HAY_POINT,DHAMRA,Capesize,14.4,12.5
2023-04-29,BALIKPAPAN,KAMARAJAR,Supramax,7.3,12.5
2023-04-29,TANJUNG_BARA,PARADIP,Supramax,8.4,12.5
2023-04-30,BALIKPAPAN,KAMARAJAR,Supramax,7.7,12.5
2023-04-30,TANJUNG_BARA,DHAMRA,Supramax,9.0,12.5
2023-04-30,HAY_POINT,VISAKHAPATNAM,Capesize,14.1,12.5
2023-04-30,HAY_POINT,PARADIP,Capesize,15.3,12.5
2023-04-30,GLADSTONE,PARADIP,Panamax,15.1,12.5
2023-04-30,MAPUTO,VISAKHAPATNAM,Panamax,14.0,12.5
2023-04-30,HAY_POINT,DHAMRA,Capesize,15.6,12.5
2023-04-30,RICHARDS_BAY,PARADIP,Capesize,15.5,12.5
2023-04-30,TANJUNG_BARA,PARADIP,Supramax,8.4,12.5
2023-04-30,NEWCASTLE,DHAMRA,Panamax,15.0,12.5
2023-05-01,HAY_POINT,VISAKHAPATNAM,Capesize,14.2,12.5
2023-05-01,HAY_POINT,PARADIP,Capesize,14.6,12.5
2023-05-01,RICHARDS_BAY,PARADIP,Capesize,15.3,12.5
2023-05-01,GLADSTONE,PARADIP,Panamax,15.2,12.5
2023-05-01,TANJUNG_BARA,PARADIP,Supramax,8.7,12.5
2023-05-01,TANJUNG_BARA,DHAMRA,Supramax,8.8,12.5
2023-05-01,NEWCASTLE,DHAMRA,Panamax,15.6,12.5
2023-05-01,HAY_POINT,DHAMRA,Capesize,15.3,12.5
2023-05-01,BALIKPAPAN,KAMARAJAR,Supramax,7.9,12.5
2023-05-01,MAPUTO,VISAKHAPATNAM,Panamax,15.6,12.5
2023-05-02,NEWCASTLE,DHAMRA,Panamax,16.7,12.5
2023-05-02,HAY_POINT,VISAKHAPATNAM,Capesize,14.9,12.5
2023-05-02,BALIKPAPAN,KAMARAJAR,Supramax,7.7,12.5
2023-05-02,GLADSTONE,PARADIP,Panamax,14.7,12.5
2023-05-02,HAY_POINT,PARADIP,Capesize,13.6,12.5
2023-05-02,RICHARDS_BAY,PARADIP,Capesize,16.3,12.5
2023-05-02,HAY_POINT,DHAMRA,Capesize,15.2,12.5
2023-05-02,TANJUNG_BARA,DHAMRA,Supramax,7.9,12.5
2023-05-02,TANJUNG_BARA,PARADIP,Supramax,7.2,12.5
2023-05-02,MAPUTO,VISAKHAPATNAM,Panamax,14.5,12.5
2023-05-03,HAY_POINT,PARADIP,Capesize,14.9,12.5
2023-05-03,TANJUNG_BARA,DHAMRA,Supramax,7.1,12.5
2023-05-03,GLADSTONE,PARADIP,Panamax,14.9,12.5
2023-05-03,NEWCASTLE,DHAMRA,Panamax,16.4,12.5
2023-05-03,HAY_POINT,VISAKHAPATNAM,Capesize,14.6,12.5
2023-05-03,TANJUNG_BARA,PARADIP,Supramax,6.4,12.5
2023-05-03,RICHARDS_BAY,PARADIP,Capesize,16.4,12.5
2023-05-03,HAY_POINT,DHAMRA,Capesize,14.2,12.5
2023-05-03,BALIKPAPAN,KAMARAJAR,Supramax,7.6,12.5
2023-05-03,MAPUTO,VISAKHAPATNAM,Panamax,14.9,12.5
2023-05-04,MAPUTO,VISAKHAPATNAM,Panamax,15.4,12.5
2023-05-04,HAY_POINT,VISAKHAPATNAM,Capesize,14.5,12.5
2023-05-04,TANJUNG_BARA,PARADIP,Supramax,6.6,12.5
2023-05-04,HAY_POINT,DHAMRA,Capesize,13.5,12.5
2023-05-04,NEWCASTLE,DHAMRA,Panamax,16.3,12.5
2023-05-04,HAY_POINT,PARADIP,Capesize,15.0,12.5
2023-05-04,BALIKPAPAN,KAMARAJAR,Supramax,8.1,12.5
2023-05-04,TANJUNG_BARA,DHAMRA,Supramax,7.0,12.5
2023-05-04,GLADSTONE,PARADIP,Panamax,14.6,12.5
2023-05-04,RICHARDS_BAY,PARADIP,Capesize,16.1,12.5
2023-05-05,MAPUTO,VISAKHAPATNAM,Panamax,14.8,12.5
2023-05-05,HAY_POINT,VISAKHAPATNAM,Capesize,15.2,12.5
2023-05-05,TANJUNG_BARA,DHAMRA,Supramax,9.1,12.5
2023-05-05,NEWCASTLE,DHAMRA,Panamax,15.4,12.5
2023-05-05,GLADSTONE,PARADIP,Panamax,15.6,12.5
2023-05-05,BALIKPAPAN,KAMARAJAR,Supramax,7.3,12.5
2023-05-05,HAY_POINT,PARADIP,Capesize,13.0,12.5
2023-05-05,HAY_POINT,DHAMRA,Capesize,13.8,12.5
2023-05-05,RICHARDS_BAY,PARADIP,Capesize,15.6,12.5
2023-05-05,TANJUNG_BARA,PARADIP,Supramax,7.8,12.5
2023-05-06,HAY_POINT,VISAKHAPATNAM,Capesize,14.2,12.5
2023-05-06,NEWCASTLE,DHAMRA,Panamax,16.5,12.5
2023-05-06,HAY_POINT,DHAMRA,Capesize,13.9,12.5
2023-05-06,BALIKPAPAN,KAMARAJAR,Supramax,6.8,12.5
2023-05-06,RICHARDS_BAY,PARADIP,Capesize,15.1,12.5
2023-05-06,MAPUTO,VISAKHAPATNAM,Panamax,14.6,12.5
2023-05-06,HAY_POINT,PARADIP,Capesize,14.2,12.5
2023-05-06,GLADSTONE,PARADIP,Panamax,14.6,12.5
2023-05-06,TANJUNG_BARA,DHAMRA,Supramax,7.7,12.5
2023-05-06,TANJUNG_BARA,PARADIP,Supramax,7.0,12.5
2023-05-07,RICHARDS_BAY,PARADIP,Capesize,15.4,12.5
2023-05-07,HAY_POINT,VISAKHAPATNAM,Capesize,13.7,12.5
2023-05-07,NEWCASTLE,DHAMRA,Panamax,16.7,12.5
2023-05-07,TANJUNG_BARA,DHAMRA,Supramax,8.3,12.5
2023-05-07,BALIKPAPAN,KAMARAJAR,Supramax,7.6,12.5
2023-05-07,HAY_POINT,DHAMRA,Capesize,13.8,12.5
2023-05-07,MAPUTO,VISAKHAPATNAM,Panamax,15.6,12.5
2023-05-07,HAY_POINT,PARADIP,Capesize,13.8,12.5
2023-05-07,GLADSTONE,PARADIP,Panamax,16.4,12.5
2023-05-07,TANJUNG_BARA,PARADIP,Supramax,8.5,12.5
2023-05-08,RICHARDS_BAY,PARADIP,Capesize,15.9,12.5
2023-05-08,HAY_POINT,DHAMRA,Capesize,13.5,12.5
2023-05-08,MAPUTO,VISAKHAPATNAM,Panamax,14.4,12.5
2023-05-08,GLADSTONE,PARADIP,Panamax,14.6,12.5
2023-05-08,HAY_POINT,VISAKHAPATNAM,Capesize,13.8,12.5
2023-05-08,TANJUNG_BARA,PARADIP,Supramax,9.6,12.5
2023-05-08,TANJUNG_BARA,DHAMRA,Supramax,8.1,12.5
2023-05-08,BALIKPAPAN,KAMARAJAR,Supramax,7.0,12.5
2023-05-08,NEWCASTLE,DHAMRA,Panamax,16.5,12.5
2023-05-08,HAY_POINT,PARADIP,Capesize,16.5,12.5
2023-05-09,HAY_POINT,VISAKHAPATNAM,Capesize,13.5,12.5
2023-05-09,RICHARDS_BAY,PARADIP,Capesize,15.5,12.5
2023-05-09,HAY_POINT,DHAMRA,Capesize,14.0,12.5
2023-05-09,TANJUNG_BARA,PARADIP,Supramax,8.1,12.5
2023-05-09,MAPUTO,VISAKHAPATNAM,Panamax,14.5,12.5
2023-05-09,BALIKPAPAN,KAMARAJAR,Supramax,8.1,12.5
2023-05-09,HAY_POINT,PARADIP,Capesize,15.2,12.5
2023-05-09,TANJUNG_BARA,DHAMRA,Supramax,7.2,12.5
2023-05-09,GLADSTONE,PARADIP,Panamax,15.3,12.5
2023-05-09,NEWCASTLE,DHAMRA,Panamax,15.4,12.5
2023-05-10,MAPUTO,VISAKHAPATNAM,Panamax,13.6,12.5
2023-05-10,TANJUNG_BARA,DHAMRA,Supramax,7.5,12.5
2023-05-10,HAY_POINT,DHAMRA,Capesize,14.8,12.5
2023-05-10,GLADSTONE,PARADIP,Panamax,14.5,12.5
2023-05-10,NEWCASTLE,DHAMRA,Panamax,15.5,12.5
2023-05-10,HAY_POINT,PARADIP,Capesize,14.6,12.5
2023-05-10,HAY_POINT,VISAKHAPATNAM,Capesize,14.8,12.5
2023-05-10,BALIKPAPAN,KAMARAJAR,Supramax,6.7,12.5
2023-05-10,TANJUNG_BARA,PARADIP,Supramax,7.9,12.5
2023-05-10,RICHARDS_BAY,PARADIP,Capesize,15.2,12.5
2023-05-11,TANJUNG_BARA,PARADIP,Supramax,8.2,12.5
2023-05-11,GLADSTONE,PARADIP,Panamax,15.0,12.5
2023-05-11,HAY_POINT,VISAKHAPATNAM,Capesize,14.0,12.5
2023-05-11,TANJUNG_BARA,DHAMRA,Supramax,8.2,12.5
2023-05-11,HAY_POINT,PARADIP,Capesize,14.3,12.5
2023-05-11,MAPUTO,VISAKHAPATNAM,Panamax,14.4,12.5
2023-05-11,BALIKPAPAN,KAMARAJAR,Supramax,7.0,12.5
2023-05-11,HAY_POINT,DHAMRA,Capesize,14.2,12.5
2023-05-11,RICHARDS_BAY,PARADIP,Capesize,15.9,12.5
2023-05-11,NEWCASTLE,DHAMRA,Panamax,15.5,12.5
2023-05-12,HAY_POINT,DHAMRA,Capesize,14.4,12.5
2023-05-12,GLADSTONE,PARADIP,Panamax,14.0,12.5
2023-05-12,TANJUNG_BARA,PARADIP,Supramax,6.9,12.5
2023-05-12,HAY_POINT,VISAKHAPATNAM,Capesize,15.1,12.5
2023-05-12,TANJUNG_BARA,DHAMRA,Supramax,8.4,12.5
2023-05-12,RICHARDS_BAY,PARADIP,Capesize,16.0,12.5
2023-05-12,BALIKPAPAN,KAMARAJAR,Supramax,7.9,12.5
2023-05-12,MAPUTO,VISAKHAPATNAM,Panamax,14.7,12.5
2023-05-12,HAY_POINT,PARADIP,Capesize,14.6,12.5
2023-05-12,NEWCASTLE,DHAMRA,Panamax,16.6,12.5
2023-05-13,HAY_POINT,VISAKHAPATNAM,Capesize,14.2,12.5
2023-05-13,RICHARDS_BAY,PARADIP,Capesize,16.9,12.5
2023-05-13,GLADSTONE,PARADIP,Panamax,15.4,12.5
2023-05-13,HAY_POINT,PARADIP,Capesize,13.9,12.5
2023-05-13,TANJUNG_BARA,PARADIP,Supramax,9.2,12.5
2023-05-13,TANJUNG_BARA,DHAMRA,Supramax,7.4,12.5
2023-05-13,BALIKPAPAN,KAMARAJAR,Supramax,7.7,12.5
2023-05-13,NEWCASTLE,DHAMRA,Panamax,16.7,12.5
2023-05-13,MAPUTO,VISAKHAPATNAM,Panamax,14.9,12.5
2023-05-13,HAY_POINT,DHAMRA,Capesize,14.8,12.5
2023-05-14,TANJUNG_BARA,PARADIP,Supramax,9.0,12.5
2023-05-14,HAY_POINT,VISAKHAPATNAM,Capesize,13.6,12.5
2023-05-14,BALIKPAPAN,KAMARAJAR,Supramax,7.2,12.5
2023-05-14,NEWCASTLE,DHAMRA,Panamax,15.7,12.5
2023-05-14,MAPUTO,VISAKHAPATNAM,Panamax,15.0,12.5
2023-05-14,RICHARDS_BAY,PARADIP,Capesize,16.3,12.5
2023-05-14,TANJUNG_BARA,DHAMRA,Supramax,8.4,12.5
2023-05-14,HAY_POINT,DHAMRA,Capesize,14.1,12.5
2023-05-14,GLADSTONE,PARADIP,Panamax,14.8,12.5
2023-05-14,HAY_POINT,PARADIP,Capesize,14.3,12.5
2023-05-15,BALIKPAPAN,KAMARAJAR,Supramax,8.4,12.5
2023-05-15,GLADSTONE,PARADIP,Panamax,15.1,12.5
2023-05-15,RICHARDS_BAY,PARADIP,Capesize,14.0,12.5
2023-05-15,TANJUNG_BARA,PARADIP,Supramax,6.9,12.5
2023-05-15,TANJUNG_BARA,DHAMRA,Supramax,7.8,12.5
2023-05-15,HAY_POINT,DHAMRA,Capesize,14.0,12.5
2023-05-15,HAY_POINT,PARADIP,Capesize,14.4,12.5
2023-05-15,HAY_POINT,VISAKHAPATNAM,Capesize,14.1,12.5
2023-05-15,MAPUTO,VISAKHAPATNAM,Panamax,15.6,12.5
2023-05-15,NEWCASTLE,DHAMRA,Panamax,15.7,12.5
2023-05-16,RICHARDS_BAY,PARADIP,Capesize,15.9,12.5
2023-05-16,GLADSTONE,PARADIP,Panamax,16.2,12.5
2023-05-16,HAY_POINT,PARADIP,Capesize,13.9,12.5
2023-05-16,HAY_POINT,DHAMRA,Capesize,14.5,12.5
2023-05-16,MAPUTO,VISAKHAPATNAM,Panamax,14.7,12.5
2023-05-16,NEWCASTLE,DHAMRA,Panamax,15.6,12.5
2023-05-16,BALIKPAPAN,KAMARAJAR,Supramax,7.0,12.5
2023-05-16,TANJUNG_BARA,PARADIP,Supramax,7.9,12.5
2023-05-16,HAY_POINT,VISAKHAPATNAM,Capesize,14.4,12.5
2023-05-16,TANJUNG_BARA,DHAMRA,Supramax,8.2,12.5
2023-05-17,MAPUTO,VISAKHAPATNAM,Panamax,14.3,12.5
2023-05-17,HAY_POINT,PARADIP,Capesize,12.7,12.5
2023-05-17,BALIKPAPAN,KAMARAJAR,Supramax,8.7,12.5
2023-05-17,HAY_POINT,VISAKHAPATNAM,Capesize,13.3,12.5
2023-05-17,RICHARDS_BAY,PARADIP,Capesize,17.4,12.5
2023-05-17,TANJUNG_BARA,PARADIP,Supramax,8.1,12.5
2023-05-17,GLADSTONE,PARADIP,Panamax,14.8,12.5
2023-05-17,HAY_POINT,DHAMRA,Capesize,14.4,12.5
2023-05-17,TANJUNG_BARA,DHAMRA,Supramax,8.2,12.5
2023-05-17,NEWCASTLE,DHAMRA,Panamax,16.0,12.5
2023-05-18,BALIKPAPAN,KAMARAJAR,Supramax,6.4,12.5
2023-05-18,TANJUNG_BARA,DHAMRA,Supramax,7.3,12.5
2023-05-18,HAY_POINT,DHAMRA,Capesize,14.0,12.5
2023-05-18,MAPUTO,VISAKHAPATNAM,Panamax,14.4,12.5
2023-05-18,GLADSTONE,PARADIP,Panamax,15.3,12.5
2023-05-18,HAY_POINT,VISAKHAPATNAM,Capesize,14.9,12.5
2023-05-18,TANJUNG_BARA,PARADIP,Supramax,8.4,12.5
2023-05-18,RICHARDS_BAY,PARADIP,Capesize,16.6,12.5
2023-05-18,NEWCASTLE,DHAMRA,Panamax,15.0,12.5
2023-05-18,HAY_POINT,PARADIP,Capesize,14.5,12.5
2023-05-19,MAPUTO,VISAKHAPATNAM,Panamax,15.6,12.5
2023-05-19,GLADSTONE,PARADIP,Panamax,15.5,12.5
2023-05-19,TANJUNG_BARA,DHAMRA,Supramax,6.7,12.5
2023-05-19,NEWCASTLE,DHAMRA,Panamax,15.6,12.5
2023-05-19,HAY_POINT,VISAKHAPATNAM,Capesize,13.8,12.5
2023-05-19,TANJUNG_BARA,PARADIP,Supramax,7.5,12.5
2023-05-19,HAY_POINT,DHAMRA,Capesize,13.5,12.5
2023-05-19,RICHARDS_BAY,PARADIP,Capesize,15.4,12.5
2023-05-19,BALIKPAPAN,KAMARAJAR,Supramax,8.3,12.5
2023-05-19,HAY_POINT,PARADIP,Capesize,14.1,12.5
2023-05-20,TANJUNG_BARA,DHAMRA,Supramax,8.6,12.5
2023-05-20,HAY_POINT,VISAKHAPATNAM,Capesize,14.3,12.5
2023-05-20,HAY_POINT,DHAMRA,Capesize,14.6,12.5
2023-05-20,RICHARDS_BAY,PARADIP,Capesize,14.9,12.5
2023-05-20,NEWCASTLE,DHAMRA,Panamax,16.4,12.5
2023-05-20,BALIKPAPAN,KAMARAJAR,Supramax,7.9,12.5
2023-05-20,TANJUNG_BARA,PARADIP,Supramax,8.4,12.5
2023-05-20,HAY_POINT,PARADIP,Capesize,13.3,12.5
2023-05-20,GLADSTONE,PARADIP,Panamax,14.6,12.5
2023-05-20,MAPUTO,VISAKHAPATNAM,Panamax,16.2,12.5
2023-05-21,GLADSTONE,PARADIP,Panamax,14.0,12.5
2023-05-21,MAPUTO,VISAKHAPATNAM,Panamax,15.2,12.5
2023-05-21,HAY_POINT,VISAKHAPATNAM,Capesize,12.7,12.5
2023-05-21,TANJUNG_BARA,DHAMRA,Supramax,7.7,12.5
2023-05-21,HAY_POINT,PARADIP,Capesize,15.0,12.5
2023-05-21,NEWCASTLE,DHAMRA,Panamax,16.0,12.5
2023-05-21,HAY_POINT,DHAMRA,Capesize,14.6,12.5
2023-05-21,TANJUNG_BARA,PARADIP,Supramax,7.7,12.5
2023-05-21,BALIKPAPAN,KAMARAJAR,Supramax,8.2,12.5
2023-05-21,RICHARDS_BAY,PARADIP,Capesize,16.0,12.5
2023-05-22,HAY_POINT,PARADIP,Capesize,15.6,12.5
2023-05-22,HAY_POINT,VISAKHAPATNAM,Capesize,15.0,12.5
2023-05-22,BALIKPAPAN,KAMARAJAR,Supramax,7.8,12.5
2023-05-22,NEWCASTLE,DHAMRA,Panamax,16.4,12.5
2023-05-22,HAY_POINT,DHAMRA,Capesize,15.5,12.5
2023-05-22,MAPUTO,VISAKHAPATNAM,Panamax,14.0,12.5
2023-05-22,GLADSTONE,PARADIP,Panamax,15.7,12.5
2023-05-22,TANJUNG_BARA,DHAMRA,Supramax,7.9,12.5
2023-05-22,RICHARDS_BAY,PARADIP,Capesize,16.4,12.5
2023-05-22,TANJUNG_BARA,PARADIP,Supramax,8.4,12.5
2023-05-23,HAY_POINT,PARADIP,Capesize,14.5,12.5
2023-05-23,HAY_POINT,DHAMRA,Capesize,14.7,12.5
2023-05-23,NEWCASTLE,DHAMRA,Panamax,17.2,12.5
2023-05-23,MAPUTO,VISAKHAPATNAM,Panamax,14.8,12.5
2023-05-23,RICHARDS_BAY,PARADIP,Capesize,16.1,12.5
2023-05-23,GLADSTONE,PARADIP,Panamax,15.6,12.5
2023-05-23,TANJUNG_BARA,PARADIP,Supramax,9.8,12.5
2023-05-23,HAY_POINT,VISAKHAPATNAM,Capesize,13.9,12.5
2023-05-23,TANJUNG_BARA,DHAMRA,Supramax,7.3,12.5
2023-05-23,BALIKPAPAN,KAMARAJAR,Supramax,8.1,12.5
2023-05-24,HAY_POINT,VISAKHAPATNAM,Capesize,14.3,12.5
2023-05-24,MAPUTO,VISAKHAPATNAM,Panamax,14.2,12.5
2023-05-24,TANJUNG_BARA,DHAMRA,Supramax,7.4,12.5
2023-05-24,TANJUNG_BARA,PARADIP,Supramax,9.0,12.5
2023-05-24,HAY_POINT,PARADIP,Capesize,13.2,12.5
2023-05-24,GLADSTONE,PARADIP,Panamax,15.4,12.5
2023-05-24,RICHARDS_BAY,PARADIP,Capesize,15.5,12.5
2023-05-24,NEWCASTLE,DHAMRA,Panamax,15.4,12.5
2023-05-24,HAY_POINT,DHAMRA,Capesize,14.9,12.5
2023-05-24,BALIKPAPAN,KAMARAJAR,Supramax,7.6,12.5
2023-05-25,TANJUNG_BARA,DHAMRA,Supramax,8.2,12.5
2023-05-25,GLADSTONE,PARADIP,Panamax,15.6,12.5
2023-05-25,TANJUNG_BARA,PARADIP,Supramax,7.4,12.5
2023-05-25,HAY_POINT,DHAMRA,Capesize,13.9,12.5
2023-05-25,HAY_POINT,VISAKHAPATNAM,Capesize,13.9,12.5
2023-05-25,MAPUTO,VISAKHAPATNAM,Panamax,15.2,12.5
2023-05-25,NEWCASTLE,DHAMRA,Panamax,15.4,12.5
2023-05-25,RICHARDS_BAY,PARADIP,Capesize,16.4,12.5
2023-05-25,BALIKPAPAN,KAMARAJAR,Supramax,7.2,12.5
2023-05-25,HAY_POINT,PARADIP,Capesize,15.0,12.5
2023-05-26,HAY_POINT,VISAKHAPATNAM,Capesize,13.5,12.5
2023-05-26,NEWCASTLE,DHAMRA,Panamax,16.2,12.5
2023-05-26,HAY_POINT,PARADIP,Capesize,15.3,12.5
2023-05-26,GLADSTONE,PARADIP,Panamax,14.4,12.5
2023-05-26,BALIKPAPAN,KAMARAJAR,Supramax,5.6,12.5
2023-05-26,TANJUNG_BARA,PARADIP,Supramax,8.2,12.5
2023-05-26,RICHARDS_BAY,PARADIP,Capesize,16.0,12.5
2023-05-26,MAPUTO,VISAKHAPATNAM,Panamax,15.5,12.5
2023-05-26,HAY_POINT,DHAMRA,Capesize,14.4,12.5
2023-05-26,TANJUNG_BARA,DHAMRA,Supramax,7.9,12.5
2023-05-27,TANJUNG_BARA,DHAMRA,Supramax,7.9,12.5
2023-05-27,HAY_POINT,VISAKHAPATNAM,Capesize,14.4,12.5
2023-05-27,NEWCASTLE,DHAMRA,Panamax,17.0,12.5
2023-05-27,GLADSTONE,PARADIP,Panamax,15.4,12.5
2023-05-27,RICHARDS_BAY,PARADIP,Capesize,16.1,12.5
2023-05-27,HAY_POINT,PARADIP,Capesize,14.8,12.5
2023-05-27,HAY_POINT,DHAMRA,Capesize,13.1,12.5
2023-05-27,TANJUNG_BARA,PARADIP,Supramax,8.3,12.5
2023-05-27,BALIKPAPAN,KAMARAJAR,Supramax,7.0,12.5
2023-05-27,MAPUTO,VISAKHAPATNAM,Panamax,16.7,12.5
2023-05-28,RICHARDS_BAY,PARADIP,Capesize,16.0,12.5
2023-05-28,HAY_POINT,PARADIP,Capesize,14.7,12.5
2023-05-28,HAY_POINT,DHAMRA,Capesize,14.2,12.5
2023-05-28,TANJUNG_BARA,PARADIP,Supramax,8.4,12.5
2023-05-28,HAY_POINT,VISAKHAPATNAM,Capesize,15.1,12.5
2023-05-28,GLADSTONE,PARADIP,Panamax,14.6,12.5
2023-05-28,NEWCASTLE,DHAMRA,Panamax,15.8,12.5
2023-05-28,BALIKPAPAN,KAMARAJAR,Supramax,6.8,12.5
2023-05-28,TANJUNG_BARA,DHAMRA,Supramax,7.3,12.5
2023-05-28,MAPUTO,VISAKHAPATNAM,Panamax,15.4,12.5
2023-05-29,TANJUNG_BARA,DHAMRA,Supramax,9.3,12.5
2023-05-29,BALIKPAPAN,KAMARAJAR,Supramax,7.7,12.5
2023-05-29,RICHARDS_BAY,PARADIP,Capesize,16.0,12.5
2023-05-29,NEWCASTLE,DHAMRA,Panamax,15.9,12.5
2023-05-29,HAY_POINT,PARADIP,Capesize,14.2,12.5
2023-05-29,TANJUNG_BARA,PARADIP,Supramax,8.2,12.5
2023-05-29,MAPUTO,VISAKHAPATNAM,Panamax,14.2,12.5
2023-05-29,HAY_POINT,DHAMRA,Capesize,15.3,12.5
2023-05-29,HAY_POINT,VISAKHAPATNAM,Capesize,14.9,12.5
2023-05-29,GLADSTONE,PARADIP,Panamax,15.2,12.5
2023-05-30,HAY_POINT,VISAKHAPATNAM,Capesize,14.9,12.5
2023-05-30,MAPUTO,VISAKHAPATNAM,Panamax,14.1,12.5
2023-05-30,TANJUNG_BARA,DHAMRA,Supramax,7.5,12.5
2023-05-30,TANJUNG_BARA,PARADIP,Supramax,7.6,12.5
2023-05-30,BALIKPAPAN,KAMARAJAR,Supramax,7.4,12.5
2023-05-30,GLADSTONE,PARADIP,Panamax,16.3,12.5
2023-05-30,RICHARDS_BAY,PARADIP,Capesize,16.0,12.5
2023-05-30,HAY_POINT,DHAMRA,Capesize,13.2,12.5
2023-05-30,NEWCASTLE,DHAMRA,Panamax,16.2,12.5
2023-05-30,HAY_POINT,PARADIP,Capesize,14.6,12.5
2023-05-31,RICHARDS_BAY,PARADIP,Capesize,16.4,12.5
2023-05-31,NEWCASTLE,DHAMRA,Panamax,15.9,12.5
2023-05-31,BALIKPAPAN,KAMARAJAR,Supramax,8.0,12.5
2023-05-31,TANJUNG_BARA,DHAMRA,Supramax,6.9,12.5
2023-05-31,HAY_POINT,DHAMRA,Capesize,15.4,12.5
2023-05-31,MAPUTO,VISAKHAPATNAM,Panamax,13.1,12.5
2023-05-31,TANJUNG_BARA,PARADIP,Supramax,8.2,12.5
2023-05-31,HAY_POINT,VISAKHAPATNAM,Capesize,14.9,12.5
2023-05-31,HAY_POINT,PARADIP,Capesize,15.4,12.5
2023-05-31,GLADSTONE,PARADIP,Panamax,16.7,12.5
2023-06-01,NEWCASTLE,DHAMRA,Panamax,15.2,12.5
2023-06-01,TANJUNG_BARA,DHAMRA,Supramax,8.2,12.5
2023-06-01,HAY_POINT,DHAMRA,Capesize,14.3,12.5
2023-06-01,HAY_POINT,VISAKHAPATNAM,Capesize,14.5,12.5
2023-06-01,MAPUTO,VISAKHAPATNAM,Panamax,14.8,12.5
2023-06-01,HAY_POINT,PARADIP,Capesize,13.9,12.5
2023-06-01,TANJUNG_BARA,PARADIP,Supramax,8.7,12.5
2023-06-01,BALIKPAPAN,KAMARAJAR,Supramax,7.1,12.5
2023-06-01,RICHARDS_BAY,PARADIP,Capesize,16.0,12.5
2023-06-01,GLADSTONE,PARADIP,Panamax,15.4,12.5
2023-06-02,RICHARDS_BAY,PARADIP,Capesize,16.6,12.5
2023-06-02,TANJUNG_BARA,PARADIP,Supramax,8.3,12.5
2023-06-02,HAY_POINT,VISAKHAPATNAM,Capesize,13.6,12.5
2023-06-02,NEWCASTLE,DHAMRA,Panamax,16.5,12.5
2023-06-02,TANJUNG_BARA,DHAMRA,Supramax,7.7,12.5
2023-06-02,GLADSTONE,PARADIP,Panamax,16.1,12.5
2023-06-02,HAY_POINT,PARADIP,Capesize,14.5,12.5
2023-06-02,HAY_POINT,DHAMRA,Capesize,14.1,12.5
2023-06-02,MAPUTO,VISAKHAPATNAM,Panamax,14.9,12.5
2023-06-02,BALIKPAPAN,KAMARAJAR,Supramax,8.3,12.5
2023-06-03,HAY_POINT,DHAMRA,Capesize,15.0,12.5
2023-06-03,HAY_POINT,PARADIP,Capesize,13.9,12.5
2023-06-03,NEWCASTLE,DHAMRA,Panamax,16.0,12.5
2023-06-03,MAPUTO,VISAKHAPATNAM,Panamax,15.0,12.5
2023-06-03,HAY_POINT,VISAKHAPATNAM,Capesize,14.8,12.5
2023-06-03,TANJUNG_BARA,DHAMRA,Supramax,7.7,12.5
2023-06-03,TANJUNG_BARA,PARADIP,Supramax,8.7,12.5
2023-06-03,RICHARDS_BAY,PARADIP,Capesize,14.8,12.5
2023-06-03,BALIKPAPAN,KAMARAJAR,Supramax,6.5,12.5
2023-06-03,GLADSTONE,PARADIP,Panamax,13.2,12.5
2023-06-04,TANJUNG_BARA,PARADIP,Supramax,8.6,12.5
2023-06-04,TANJUNG_BARA,DHAMRA,Supramax,7.6,12.5
2023-06-04,HAY_POINT,DHAMRA,Capesize,15.1,12.5
2023-06-04,RICHARDS_BAY,PARADIP,Capesize,15.6,12.5
2023-06-04,HAY_POINT,PARADIP,Capesize,15.0,12.5
2023-06-04,HAY_POINT,VISAKHAPATNAM,Capesize,14.8,12.5
2023-06-04,NEWCASTLE,DHAMRA,Panamax,15.5,12.5
2023-06-04,GLADSTONE,PARADIP,Panamax,15.1,12.5
2023-06-04,BALIKPAPAN,KAMARAJAR,Supramax,7.5,12.5
2023-06-04,MAPUTO,VISAKHAPATNAM,Panamax,13.8,12.5
2023-06-05,TANJUNG_BARA,DHAMRA,Supramax,8.3,12.5
2023-06-05,HAY_POINT,DHAMRA,Capesize,14.3,12.5
2023-06-05,NEWCASTLE,DHAMRA,Panamax,17.0,12.5
2023-06-05,RICHARDS_BAY,PARADIP,Capesize,15.7,12.5
2023-06-05,TANJUNG_BARA,PARADIP,Supramax,7.8,12.5
2023-06-05,GLADSTONE,PARADIP,Panamax,16.1,12.5
2023-06-05,HAY_POINT,PARADIP,Capesize,15.8,12.5
2023-06-05,MAPUTO,VISAKHAPATNAM,Panamax,14.9,12.5
2023-06-05,BALIKPAPAN,KAMARAJAR,Supramax,8.0,12.5
2023-06-05,HAY_POINT,VISAKHAPATNAM,Capesize,14.1,12.5
2023-06-06,GLADSTONE,PARADIP,Panamax,15.2,12.5
2023-06-06,TANJUNG_BARA,DHAMRA,Supramax,6.9,12.5
2023-06-06,HAY_POINT,PARADIP,Capesize,14.8,12.5
2023-06-06,HAY_POINT,DHAMRA,Capesize,12.9,12.5
2023-06-06,NEWCASTLE,DHAMRA,Panamax,15.7,12.5
2023-06-06,RICHARDS_BAY,PARADIP,Capesize,14.9,12.5
2023-06-06,HAY_POINT,VISAKHAPATNAM,Capesize,14.0,12.5
2023-06-06,MAPUTO,VISAKHAPATNAM,Panamax,15.6,12.5
2023-06-06,BALIKPAPAN,KAMARAJAR,Supramax,7.3,12.5
2023-06-06,TANJUNG_BARA,PARADIP,Supramax,7.7,12.5
2023-06-07,HAY_POINT,VISAKHAPATNAM,Capesize,14.5,12.5
2023-06-07,RICHARDS_BAY,PARADIP,Capesize,15.2,12.5
2023-06-07,GLADSTONE,PARADIP,Panamax,15.3,12.5
2023-06-07,BALIKPAPAN,KAMARAJAR,Supramax,7.3,12.5
2023-06-07,MAPUTO,VISAKHAPATNAM,Panamax,15.9,12.5
2023-06-07,TANJUNG_BARA,DHAMRA,Supramax,8.1,12.5
2023-06-07,HAY_POINT,DHAMRA,Capesize,14.7,12.5
2023-06-07,NEWCASTLE,DHAMRA,Panamax,16.0,12.5
2023-06-07,HAY_POINT,PARADIP,Capesize,14.4,12.5
2023-06-07,TANJUNG_BARA,PARADIP,Supramax,7.7,12.5
2023-06-08,HAY_POINT,VISAKHAPATNAM,Capesize,15.0,12.5
2023-06-08,HAY_POINT,DHAMRA,Capesize,14.9,12.5
2023-06-08,TANJUNG_BARA,PARADIP,Supramax,8.7,12.5
2023-06-08,NEWCASTLE,DHAMRA,Panamax,15.9,12.5
2023-06-08,BALIKPAPAN,KAMARAJAR,Supramax,7.3,12.5
2023-06-08,MAPUTO,VISAKHAPATNAM,Panamax,14.7,12.5
2023-06-08,GLADSTONE,PARADIP,Panamax,16.4,12.5
2023-06-08,RICHARDS_BAY,PARADIP,Capesize,14.7,12.5
2023-06-08,TANJUNG_BARA,DHAMRA,Supramax,6.4,12.5
2023-06-08,HAY_POINT,PARADIP,Capesize,14.3,12.5
2023-06-09,TANJUNG_BARA,DHAMRA,Supramax,8.2,12.5
2023-06-09,BALIKPAPAN,KAMARAJAR,Supramax,7.0,12.5
2023-06-09,HAY_POINT,PARADIP,Capesize,14.6,12.5
2023-06-09,RICHARDS_BAY,PARADIP,Capesize,16.1,12.5
2023-06-09,HAY_POINT,VISAKHAPATNAM,Capesize,13.8,12.5
2023-06-09,HAY_POINT,DHAMRA,Capesize,15.2,12.5
2023-06-09,GLADSTONE,PARADIP,Panamax,15.5,12.5
2023-06-09,NEWCASTLE,DHAMRA,Panamax,16.0,12.5
2023-06-09,MAPUTO,VISAKHAPATNAM,Panamax,15.0,12.5
2023-06-09,TANJUNG_BARA,PARADIP,Supramax,7.9,12.5
2023-06-10,BALIKPAPAN,KAMARAJAR,Supramax,6.7,12.5
2023-06-10,RICHARDS_BAY,PARADIP,Capesize,16.2,12.5
2023-06-10,NEWCASTLE,DHAMRA,Panamax,15.5,12.5
2023-06-10,MAPUTO,VISAKHAPATNAM,Panamax,15.8,12.5
2023-06-10,HAY_POINT,VISAKHAPATNAM,Capesize,15.3,12.5
2023-06-10,GLADSTONE,PARADIP,Panamax,14.9,12.5
2023-06-10,HAY_POINT,PARADIP,Capesize,14.6,12.5
2023-06-10,HAY_POINT,DHAMRA,Capesize,14.4,12.5
2023-06-10,TANJUNG_BARA,PARADIP,Supramax,8.3,12.5
2023-06-10,TANJUNG_BARA,DHAMRA,Supramax,7.8,12.5
2023-06-11,NEWCASTLE,DHAMRA,Panamax,14.4,12.5
2023-06-11,HAY_POINT,DHAMRA,Capesize,14.6,12.5
2023-06-11,GLADSTONE,PARADIP,Panamax,15.4,12.5
2023-06-11,TANJUNG_BARA,DHAMRA,Supramax,8.7,12.5
2023-06-11,MAPUTO,VISAKHAPATNAM,Panamax,14.1,12.5
2023-06-11,HAY_POINT,VISAKHAPATNAM,Capesize,13.3,12.5
2023-06-11,HAY_POINT,PARADIP,Capesize,13.7,12.5
2023-06-11,BALIKPAPAN,KAMARAJAR,Supramax,6.5,12.5
2023-06-11,TANJUNG_BARA,PARADIP,Supramax,8.8,12.5
2023-06-11,RICHARDS_BAY,PARADIP,Capesize,15.6,12.5
2023-06-12,NEWCASTLE,DHAMRA,Panamax,16.3,12.5
2023-06-12,BALIKPAPAN,KAMARAJAR,Supramax,7.7,12.5
2023-06-12,TANJUNG_BARA,PARADIP,Supramax,7.8,12.5
2023-06-12,RICHARDS_BAY,PARADIP,Capesize,15.4,12.5
2023-06-12,HAY_POINT,DHAMRA,Capesize,14.9,12.5
2023-06-12,HAY_POINT,VISAKHAPATNAM,Capesize,14.7,12.5
2023-06-12,GLADSTONE,PARADIP,Panamax,16.4,12.5
2023-06-12,MAPUTO,VISAKHAPATNAM,Panamax,13.7,12.5
2023-06-12,TANJUNG_BARA,DHAMRA,Supramax,8.2,12.5
2023-06-12,HAY_POINT,PARADIP,Capesize,14.8,12.5
2023-06-13,RICHARDS_BAY,PARADIP,Capesize,16.1,12.5
2023-06-13,TANJUNG_BARA,DHAMRA,Supramax,7.8,12.5
2023-06-13,TANJUNG_BARA,PARADIP,Supramax,8.1,12.5
2023-06-13,NEWCASTLE,DHAMRA,Panamax,15.6,12.5
2023-06-13,MAPUTO,VISAKHAPATNAM,Panamax,15.0,12.5
2023-06-13,GLADSTONE,PARADIP,Panamax,16.3,12.5
2023-06-13,BALIKPAPAN,KAMARAJAR,Supramax,7.4,12.5
2023-06-13,HAY_POINT,PARADIP,Capesize,13.8,12.5
2023-06-13,HAY_POINT,DHAMRA,Capesize,13.4,12.5
2023-06-13,HAY_POINT,VISAKHAPATNAM,Capesize,14.0,12.5
2023-06-14,MAPUTO,VISAKHAPATNAM,Panamax,14.9,12.5
2023-06-14,TANJUNG_BARA,DHAMRA,Supramax,8.3,12.5
2023-06-14,NEWCASTLE,DHAMRA,Panamax,16.6,12.5
2023-06-14,HAY_POINT,DHAMRA,Capesize,14.2,12.5
2023-06-14,HAY_POINT,PARADIP,Capesize,13.7,12.5
2023-06-14,TANJUNG_BARA,PARADIP,Supramax,9.4,12.5
2023-06-14,GLADSTONE,PARADIP,Panamax,15.1,12.5
2023-06-14,HAY_POINT,VISAKHAPATNAM,Capesize,13.9,12.5
2023-06-14,BALIKPAPAN,KAMARAJAR,Supramax,8.0,12.5
2023-06-14,RICHARDS_BAY,PARADIP,Capesize,15.4,12.5
2023-06-15,TANJUNG_BARA,DHAMRA,Supramax,7.4,12.5
2023-06-15,GLADSTONE,PARADIP,Panamax,16.5,12.5
2023-06-15,HAY_POINT,DHAMRA,Capesize,13.1,12.5
2023-06-15,HAY_POINT,PARADIP,Capesize,14.2,12.5
2023-06-15,NEWCASTLE,DHAMRA,Panamax,17.7,12.5
2023-06-15,BALIKPAPAN,KAMARAJAR,Supramax,7.3,12.5
2023-06-15,HAY_POINT,VISAKHAPATNAM,Capesize,15.7,12.5
2023-06-15,TANJUNG_BARA,PARADIP,Supramax,7.2,12.5
2023-06-15,MAPUTO,VISAKHAPATNAM,Panamax,14.9,12.5
2023-06-15,RICHARDS_BAY,PARADIP,Capesize,15.5,12.5
2023-06-16,HAY_POINT,DHAMRA,Capesize,14.6,12.5
2023-06-16,TANJUNG_BARA,DHAMRA,Supramax,7.9,12.5
2023-06-16,TANJUNG_BARA,PARADIP,Supramax,8.6,12.5
2023-06-16,GLADSTONE,PARADIP,Panamax,15.0,12.5
2023-06-16,NEWCASTLE,DHAMRA,Panamax,15.3,12.5
2023-06-16,MAPUTO,VISAKHAPATNAM,Panamax,14.9,12.5
2023-06-16,HAY_POINT,PARADIP,Capesize,14.4,12.5
2023-06-16,BALIKPAPAN,KAMARAJAR,Supramax,7.5,12.5
2023-06-16,HAY_POINT,VISAKHAPATNAM,Capesize,14.9,12.5
2023-06-16,RICHARDS_BAY,PARADIP,Capesize,17.0,12.5
2023-06-17,GLADSTONE,PARADIP,Panamax,14.8,12.5
2023-06-17,TANJUNG_BARA,DHAMRA,Supramax,8.3,12.5
2023-06-17,BALIKPAPAN,KAMARAJAR,Supramax,7.5,12.5
2023-06-17,NEWCASTLE,DHAMRA,Panamax,15.7,12.5
2023-06-17,MAPUTO,VISAKHAPATNAM,Panamax,15.1,12.5
2023-06-17,HAY_POINT,PARADIP,Capesize,14.4,12.5
2023-06-17,TANJUNG_BARA,PARADIP,Supramax,8.8,12.5
2023-06-17,HAY_POINT,VISAKHAPATNAM,Capesize,14.3,12.5
2023-06-17,HAY_POINT,DHAMRA,Capesize,15.4,12.5
2023-06-17,RICHARDS_BAY,PARADIP,Capesize,16.0,12.5
2023-06-18,RICHARDS_BAY,PARADIP,Capesize,16.4,12.5
2023-06-18,BALIKPAPAN,KAMARAJAR,Supramax,7.9,12.5
2023-06-18,GLADSTONE,PARADIP,Panamax,15.9,12.5
2023-06-18,TANJUNG_BARA,PARADIP,Supramax,9.1,12.5
2023-06-18,HAY_POINT,VISAKHAPATNAM,Capesize,13.8,12.5
2023-06-18,TANJUNG_BARA,DHAMRA,Supramax,8.5,12.5
2023-06-18,HAY_POINT,DHAMRA,Capesize,14.0,12.5
2023-06-18,HAY_POINT,PARADIP,Capesize,13.7,12.5
2023-06-18,NEWCASTLE,DHAMRA,Panamax,15.4,12.5
2023-06-18,MAPUTO,VISAKHAPATNAM,Panamax,16.1,12.5
2023-06-19,HAY_POINT,DHAMRA,Capesize,14.9,12.5
2023-06-19,HAY_POINT,VISAKHAPATNAM,Capesize,15.8,12.5
2023-06-19,MAPUTO,VISAKHAPATNAM,Panamax,14.4,12.5
2023-06-19,TANJUNG_BARA,PARADIP,Supramax,8.0,12.5
2023-06-19,HAY_POINT,PARADIP,Capesize,15.1,12.5
2023-06-19,GLADSTONE,PARADIP,Panamax,15.3,12.5
2023-06-19,NEWCASTLE,DHAMRA,Panamax,16.5,12.5
2023-06-19,RICHARDS_BAY,PARADIP,Capesize,14.7,12.5
2023-06-19,BALIKPAPAN,KAMARAJAR,Supramax,6.6,12.5
2023-06-19,TANJUNG_BARA,DHAMRA,Supramax,8.6,12.5
2023-06-20,HAY_POINT,DHAMRA,Capesize,14.4,12.5
2023-06-20,RICHARDS_BAY,PARADIP,Capesize,14.8,12.5
2023-06-20,NEWCASTLE,DHAMRA,Panamax,15.8,12.5
2023-06-20,HAY_POINT,PARADIP,Capesize,14.0,12.5
2023-06-20,MAPUTO,VISAKHAPATNAM,Panamax,14.5,12.5
2023-06-20,TANJUNG_BARA,DHAMRA,Supramax,7.7,12.5
2023-06-20,TANJUNG_BARA,PARADIP,Supramax,7.6,12.5
2023-06-20,BALIKPAPAN,KAMARAJAR,Supramax,7.6,12.5
2023-06-20,HAY_POINT,VISAKHAPATNAM,Capesize,14.4,12.5
2023-06-20,GLADSTONE,PARADIP,Panamax,15.0,12.5
2023-06-21,RICHARDS_BAY,PARADIP,Capesize,16.0,12.5
2023-06-21,NEWCASTLE,DHAMRA,Panamax,16.3,12.5
2023-06-21,HAY_POINT,DHAMRA,Capesize,14.8,12.5
2023-06-21,TANJUNG_BARA,PARADIP,Supramax,7.3,12.5
2023-06-21,BALIKPAPAN,KAMARAJAR,Supramax,7.3,12.5
2023-06-21,MAPUTO,VISAKHAPATNAM,Panamax,16.6,12.5
2023-06-21,GLADSTONE,PARADIP,Panamax,16.0,12.5
2023-06-21,HAY_POINT,PARADIP,Capesize,13.8,12.5
2023-06-21,TANJUNG_BARA,DHAMRA,Supramax,7.9,12.5
2023-06-21,HAY_POINT,VISAKHAPATNAM,Capesize,15.6,12.5
2023-06-22,HAY_POINT,VISAKHAPATNAM,Capesize,14.2,12.5
2023-06-22,GLADSTONE,PARADIP,Panamax,15.5,12.5
2023-06-22,BALIKPAPAN,KAMARAJAR,Supramax,8.7,12.5
2023-06-22,NEWCASTLE,DHAMRA,Panamax,15.7,12.5
2023-06-22,TANJUNG_BARA,PARADIP,Supramax,8.1,12.5
2023-06-22,RICHARDS_BAY,PARADIP,Capesize,15.9,12.5
2023-06-22,MAPUTO,VISAKHAPATNAM,Panamax,15.5,12.5
2023-06-22,HAY_POINT,DHAMRA,Capesize,14.5,12.5
2023-06-22,HAY_POINT,PARADIP,Capesize,14.0,12.5
2023-06-22,TANJUNG_BARA,DHAMRA,Supramax,8.4,12.5
2023-06-23,HAY_POINT,PARADIP,Capesize,14.1,12.5
2023-06-23,HAY_POINT,DHAMRA,Capesize,13.9,12.5
2023-06-23,NEWCASTLE,DHAMRA,Panamax,15.6,12.5
2023-06-23,GLADSTONE,PARADIP,Panamax,14.2,12.5
2023-06-23,TANJUNG_BARA,PARADIP,Supramax,6.7,12.5
2023-06-23,TANJUNG_BARA,DHAMRA,Supramax,9.4,12.5
2023-06-23,MAPUTO,VISAKHAPATNAM,Panamax,14.7,12.5
2023-06-23,HAY_POINT,VISAKHAPATNAM,Capesize,14.3,12.5
2023-06-23,RICHARDS_BAY,PARADIP,Capesize,16.2,12.5
2023-06-23,BALIKPAPAN,KAMARAJAR,Supramax,7.8,12.5
2023-06-24,TANJUNG_BARA,DHAMRA,Supramax,7.6,12.5
2023-06-24,GLADSTONE,PARADIP,Panamax,14.9,12.5
2023-06-24,MAPUTO,VISAKHAPATNAM,Panamax,15.4,12.5
2023-06-24,HAY_POINT,PARADIP,Capesize,14.8,12.5
2023-06-24,HAY_POINT,VISAKHAPATNAM,Capesize,15.0,12.5
2023-06-24,RICHARDS_BAY,PARADIP,Capesize,15.4,12.5
2023-06-24,HAY_POINT,DHAMRA,Capesize,12.8,12.5
2023-06-24,TANJUNG_BARA,PARADIP,Supramax,7.8,12.5
2023-06-24,BALIKPAPAN,KAMARAJAR,Supramax,7.7,12.5
2023-06-24,NEWCASTLE,DHAMRA,Panamax,17.0,12.5
2023-06-25,NEWCASTLE,DHAMRA,Panamax,15.5,12.5
2023-06-25,GLADSTONE,PARADIP,Panamax,15.6,12.5
2023-06-25,TANJUNG_BARA,DHAMRA,Supramax,7.6,12.5
2023-06-25,MAPUTO,VISAKHAPATNAM,Panamax,14.6,12.5
2023-06-25,BALIKPAPAN,KAMARAJAR,Supramax,6.4,12.5
2023-06-25,HAY_POINT,VISAKHAPATNAM,Capesize,14.8,12.5
2023-06-25,RICHARDS_BAY,PARADIP,Capesize,15.1,12.5
2023-06-25,HAY_POINT,PARADIP,Capesize,12.8,12.5
2023-06-25,TANJUNG_BARA,PARADIP,Supramax,7.9,12.5
2023-06-25,HAY_POINT,DHAMRA,Capesize,14.7,12.5
2023-06-26,HAY_POINT,DHAMRA,Capesize,14.0,12.5
2023-06-26,NEWCASTLE,DHAMRA,Panamax,17.1,12.5
2023-06-26,TANJUNG_BARA,DHAMRA,Supramax,8.1,12.5
2023-06-26,RICHARDS_BAY,PARADIP,Capesize,16.7,12.5
2023-06-26,MAPUTO,VISAKHAPATNAM,Panamax,16.6,12.5
2023-06-26,GLADSTONE,PARADIP,Panamax,16.0,12.5
2023-06-26,TANJUNG_BARA,PARADIP,Supramax,8.8,12.5
2023-06-26,BALIKPAPAN,KAMARAJAR,Supramax,7.3,12.5
2023-06-26,HAY_POINT,PARADIP,Capesize,14.7,12.5
2023-06-26,HAY_POINT,VISAKHAPATNAM,Capesize,13.7,12.5
2023-06-27,HAY_POINT,PARADIP,Capesize,14.5,12.5
2023-06-27,HAY_POINT,DHAMRA,Capesize,13.8,12.5
2023-06-27,TANJUNG_BARA,PARADIP,Supramax,7.1,12.5
2023-06-27,HAY_POINT,VISAKHAPATNAM,Capesize,14.4,12.5
2023-06-27,MAPUTO,VISAKHAPATNAM,Panamax,15.2,12.5
2023-06-27,NEWCASTLE,DHAMRA,Panamax,15.7,12.5
2023-06-27,BALIKPAPAN,KAMARAJAR,Supramax,8.9,12.5
2023-06-27,GLADSTONE,PARADIP,Panamax,15.5,12.5
2023-06-27,RICHARDS_BAY,PARADIP,Capesize,15.2,12.5
2023-06-27,TANJUNG_BARA,DHAMRA,Supramax,7.5,12.5
2023-06-28,MAPUTO,VISAKHAPATNAM,Panamax,15.4,12.5
2023-06-28,RICHARDS_BAY,PARADIP,Capesize,17.5,12.5
2023-06-28,NEWCASTLE,DHAMRA,Panamax,16.4,12.5
2023-06-28,HAY_POINT,VISAKHAPATNAM,Capesize,14.2,12.5
2023-06-28,TANJUNG_BARA,DHAMRA,Supramax,7.3,12.5
2023-06-28,GLADSTONE,PARADIP,Panamax,14.6,12.5
2023-06-28,HAY_POINT,PARADIP,Capesize,14.9,12.5
2023-06-28,BALIKPAPAN,KAMARAJAR,Supramax,7.9,12.5
2023-06-28,HAY_POINT,DHAMRA,Capesize,14.1,12.5
2023-06-28,TANJUNG_BARA,PARADIP,Supramax,6.7,12.5
2023-06-29,RICHARDS_BAY,PARADIP,Capesize,15.2,12.5
2023-06-29,GLADSTONE,PARADIP,Panamax,15.8,12.5
2023-06-29,MAPUTO,VISAKHAPATNAM,Panamax,15.9,12.5
2023-06-29,HAY_POINT,DHAMRA,Capesize,14.3,12.5
2023-06-29,NEWCASTLE,DHAMRA,Panamax,15.3,12.5
2023-06-29,HAY_POINT,PARADIP,Capesize,14.4,12.5
2023-06-29,HAY_POINT,VISAKHAPATNAM,Capesize,14.0,12.5
2023-06-29,BALIKPAPAN,KAMARAJAR,Supramax,7.3,12.5
2023-06-29,TANJUNG_BARA,DHAMRA,Supramax,8.8,12.5
2023-06-29,TANJUNG_BARA,PARADIP,Supramax,7.4,12.5
2023-06-30,HAY_POINT,PARADIP,Capesize,14.4,12.5
2023-06-30,TANJUNG_BARA,PARADIP,Supramax,7.6,12.5
2023-06-30,BALIKPAPAN,KAMARAJAR,Supramax,7.9,12.5
2023-06-30,HAY_POINT,DHAMRA,Capesize,15.6,12.5
2023-06-30,HAY_POINT,VISAKHAPATNAM,Capesize,14.5,12.5
2023-06-30,TANJUNG_BARA,DHAMRA,Supramax,7.5,12.5
2023-06-30,RICHARDS_BAY,PARADIP,Capesize,15.8,12.5
2023-06-30,NEWCASTLE,DHAMRA,Panamax,15.9,12.5
2023-06-30,GLADSTONE,PARADIP,Panamax,16.1,12.5
2023-06-30,MAPUTO,VISAKHAPATNAM,Panamax,14.9,12.5
2023-07-01,GLADSTONE,PARADIP,Panamax,15.5,12.5
2023-07-01,TANJUNG_BARA,DHAMRA,Supramax,7.6,12.5
2023-07-01,NEWCASTLE,DHAMRA,Panamax,14.3,12.5
2023-07-01,TANJUNG_BARA,PARADIP,Supramax,8.3,12.5
2023-07-01,MAPUTO,VISAKHAPATNAM,Panamax,15.7,12.5
2023-07-01,BALIKPAPAN,KAMARAJAR,Supramax,7.4,12.5
2023-07-01,HAY_POINT,DHAMRA,Capesize,14.3,12.5
2023-07-01,HAY_POINT,PARADIP,Capesize,14.7,12.5
2023-07-01,HAY_POINT,VISAKHAPATNAM,Capesize,14.2,12.5
2023-07-01,RICHARDS_BAY,PARADIP,Capesize,15.0,12.5
2023-07-02,MAPUTO,VISAKHAPATNAM,Panamax,15.0,12.5
2023-07-02,GLADSTONE,PARADIP,Panamax,14.9,12.5
2023-07-02,RICHARDS_BAY,PARADIP,Capesize,15.0,12.5
2023-07-02,HAY_POINT,VISAKHAPATNAM,Capesize,14.0,12.5
2023-07-02,TANJUNG_BARA,DHAMRA,Supramax,8.3,12.5
2023-07-02,TANJUNG_BARA,PARADIP,Supramax,8.5,12.5
2023-07-02,HAY_POINT,PARADIP,Capesize,14.7,12.5
2023-07-02,HAY_POINT,DHAMRA,Capesize,14.1,12.5
2023-07-02,BALIKPAPAN,KAMARAJAR,Supramax,6.9,12.5
2023-07-02,NEWCASTLE,DHAMRA,Panamax,16.3,12.5
2023-07-03,TANJUNG_BARA,PARADIP,Supramax,8.4,12.5
2023-07-03,NEWCASTLE,DHAMRA,Panamax,16.9,12.5
2023-07-03,HAY_POINT,DHAMRA,Capesize,14.1,12.5
2023-07-03,BALIKPAPAN,KAMARAJAR,Supramax,7.6,12.5
2023-07-03,MAPUTO,VISAKHAPATNAM,Panamax,14.5,12.5
2023-07-03,HAY_POINT,PARADIP,Capesize,14.0,12.5
2023-07-03,GLADSTONE,PARADIP,Panamax,15.6,12.5
2023-07-03,HAY_POINT,VISAKHAPATNAM,Capesize,12.9,12.5
2023-07-03,TANJUNG_BARA,DHAMRA,Supramax,8.4,12.5
2023-07-03,RICHARDS_BAY,PARADIP,Capesize,16.2,12.5
2023-07-04,MAPUTO,VISAKHAPATNAM,Panamax,13.7,12.5
2023-07-04,HAY_POINT,VISAKHAPATNAM,Capesize,14.0,12.5
2023-07-04,NEWCASTLE,DHAMRA,Panamax,17.0,12.5
2023-07-04,TANJUNG_BARA,DHAMRA,Supramax,7.6,12.5
2023-07-04,GLADSTONE,PARADIP,Panamax,17.2,12.5
2023-07-04,HAY_POINT,PARADIP,Capesize,14.4,12.5
2023-07-04,TANJUNG_BARA,PARADIP,Supramax,7.1,12.5
2023-07-04,RICHARDS_BAY,PARADIP,Capesize,15.6,12.5
2023-07-04,HAY_POINT,DHAMRA,Capesize,14.4,12.5
2023-07-04,BALIKPAPAN,KAMARAJAR,Supramax,6.4,12.5
2023-07-05,HAY_POINT,PARADIP,Capesize,15.5,12.5
2023-07-05,RICHARDS_BAY,PARADIP,Capesize,15.6,12.5
2023-07-05,BALIKPAPAN,KAMARAJAR,Supramax,6.5,12.5
2023-07-05,HAY_POINT,DHAMRA,Capesize,14.8,12.5
2023-07-05,GLADSTONE,PARADIP,Panamax,15.2,12.5
2023-07-05,TANJUNG_BARA,DHAMRA,Supramax,8.5,12.5
2023-07-05,TANJUNG_BARA,PARADIP,Supramax,7.3,12.5
2023-07-05,HAY_POINT,VISAKHAPATNAM,Capesize,14.4,12.5
2023-07-05,MAPUTO,VISAKHAPATNAM,Panamax,14.2,12.5
2023-07-05,NEWCASTLE,DHAMRA,Panamax,15.4,12.5
2023-07-06,HAY_POINT,PARADIP,Capesize,15.8,12.5
2023-07-06,HAY_POINT,VISAKHAPATNAM,Capesize,13.5,12.5
2023-07-06,TANJUNG_BARA,DHAMRA,Supramax,7.5,12.5
2023-07-06,RICHARDS_BAY,PARADIP,Capesize,15.0,12.5
2023-07-06,MAPUTO,VISAKHAPATNAM,Panamax,14.1,12.5
2023-07-06,HAY_POINT,DHAMRA,Capesize,15.5,12.5
2023-07-06,BALIKPAPAN,KAMARAJAR,Supramax,7.7,12.5
2023-07-06,NEWCASTLE,DHAMRA,Panamax,16.3,12.5
2023-07-06,TANJUNG_BARA,PARADIP,Supramax,8.6,12.5
2023-07-06,GLADSTONE,PARADIP,Panamax,15.6,12.5
2023-07-07,BALIKPAPAN,KAMARAJAR,Supramax,7.4,12.5
2023-07-07,HAY_POINT,DHAMRA,Capesize,13.9,12.5
2023-07-07,MAPUTO,VISAKHAPATNAM,Panamax,15.2,12.5
2023-07-07,HAY_POINT,PARADIP,Capesize,15.1,12.5
2023-07-07,GLADSTONE,PARADIP,Panamax,15.8,12.5
2023-07-07,TANJUNG_BARA,DHAMRA,Supramax,8.5,12.5
2023-07-07,HAY_POINT,VISAKHAPATNAM,Capesize,15.2,12.5
2023-07-07,TANJUNG_BARA,PARADIP,Supramax,8.4,12.5
2023-07-07,NEWCASTLE,DHAMRA,Panamax,15.4,12.5
2023-07-07,RICHARDS_BAY,PARADIP,Capesize,16.1,12.5
2023-07-08,HAY_POINT,DHAMRA,Capesize,14.7,12.5
2023-07-08,HAY_POINT,PARADIP,Capesize,14.4,12.5
2023-07-08,TANJUNG_BARA,DHAMRA,Supramax,6.8,12.5
2023-07-08,TANJUNG_BARA,PARADIP,Supramax,8.3,12.5
2023-07-08,HAY_POINT,VISAKHAPATNAM,Capesize,14.1,12.5
2023-07-08,BALIKPAPAN,KAMARAJAR,Supramax,6.9,12.5
2023-07-08,MAPUTO,VISAKHAPATNAM,Panamax,15.4,12.5
2023-07-08,RICHARDS_BAY,PARADIP,Capesize,14.3,12.5
2023-07-08,NEWCASTLE,DHAMRA,Panamax,16.2,12.5
2023-07-08,GLADSTONE,PARADIP,Panamax,15.6,12.5
2023-07-09,HAY_POINT,VISAKHAPATNAM,Capesize,13.1,12.5
2023-07-09,TANJUNG_BARA,PARADIP,Supramax,7.8,12.5
2023-07-09,GLADSTONE,PARADIP,Panamax,15.1,12.5
2023-07-09,MAPUTO,VISAKHAPATNAM,Panamax,15.3,12.5
2023-07-09,NEWCASTLE,DHAMRA,Panamax,16.6,12.5
2023-07-09,HAY_POINT,DHAMRA,Capesize,14.8,12.5
2023-07-09,TANJUNG_BARA,DHAMRA,Supramax,7.7,12.5
2023-07-09,HAY_POINT,PARADIP,Capesize,15.0,12.5
2023-07-09,BALIKPAPAN,KAMARAJAR,Supramax,8.0,12.5
2023-07-09,RICHARDS_BAY,PARADIP,Capesize,15.8,12.5
2023-07-10,MAPUTO,VISAKHAPATNAM,Panamax,13.9,12.5
2023-07-10,NEWCASTLE,DHAMRA,Panamax,15.1,12.5
2023-07-10,TANJUNG_BARA,PARADIP,Supramax,8.7,12.5
2023-07-10,HAY_POINT,PARADIP,Capesize,15.4,12.5
2023-07-10,HAY_POINT,VISAKHAPATNAM,Capesize,14.7,12.5
2023-07-10,RICHARDS_BAY,PARADIP,Capesize,16.3,12.5
2023-07-10,GLADSTONE,PARADIP,Panamax,14.7,12.5
2023-07-10,BALIKPAPAN,KAMARAJAR,Supramax,8.0,12.5
2023-07-10,TANJUNG_BARA,DHAMRA,Supramax,7.2,12.5
2023-07-10,HAY_POINT,DHAMRA,Capesize,15.4,12.5
2023-07-11,HAY_POINT,PARADIP,Capesize,13.9,12.5
2023-07-11,BALIKPAPAN,KAMARAJAR,Supramax,8.6,12.5
2023-07-11,HAY_POINT,DHAMRA,Capesize,14.7,12.5
2023-07-11,GLADSTONE,PARADIP,Panamax,15.0,12.5
2023-07-11,NEWCASTLE,DHAMRA,Panamax,17.0,12.5
2023-07-11,TANJUNG_BARA,PARADIP,Supramax,8.8,12.5
2023-07-11,RICHARDS_BAY,PARADIP,Capesize,16.5,12.5
2023-07-11,MAPUTO,VISAKHAPATNAM,Panamax,14.4,12.5
2023-07-11,HAY_POINT,VISAKHAPATNAM,Capesize,13.0,12.5
2023-07-11,TANJUNG_BARA,DHAMRA,Supramax,7.6,12.5
2023-07-12,RICHARDS_BAY,PARADIP,Capesize,15.5,12.5
2023-07-12,TANJUNG_BARA,DHAMRA,Supramax,6.7,12.5
2023-07-12,MAPUTO,VISAKHAPATNAM,Panamax,14.4,12.5
2023-07-12,TANJUNG_BARA,PARADIP,Supramax,8.9,12.5
2023-07-12,HAY_POINT,VISAKHAPATNAM,Capesize,13.5,12.5
2023-07-12,GLADSTONE,PARADIP,Panamax,16.7,12.5
2023-07-12,BALIKPAPAN,KAMARAJAR,Supramax,8.5,12.5
2023-07-12,NEWCASTLE,DHAMRA,Panamax,15.6,12.5
2023-07-12,HAY_POINT,DHAMRA,Capesize,14.5,12.5
2023-07-12,HAY_POINT,PARADIP,Capesize,15.5,12.5
2023-07-13,BALIKPAPAN,KAMARAJAR,Supramax,7.5,12.5
2023-07-13,HAY_POINT,DHAMRA,Capesize,14.2,12.5
2023-07-13,GLADSTONE,PARADIP,Panamax,15.5,12.5
2023-07-13,TANJUNG_BARA,DHAMRA,Supramax,7.5,12.5
2023-07-13,TANJUNG_BARA,PARADIP,Supramax,7.2,12.5
2023-07-13,NEWCASTLE,DHAMRA,Panamax,16.1,12.5
2023-07-13,HAY_POINT,VISAKHAPATNAM,Capesize,14.5,12.5
2023-07-13,RICHARDS_BAY,PARADIP,Capesize,14.7,12.5
2023-07-13,HAY_POINT,PARADIP,Capesize,15.1,12.5
2023-07-13,MAPUTO,VISAKHAPATNAM,Panamax,15.1,12.5
2023-07-14,HAY_POINT,PARADIP,Capesize,14.4,12.5
2023-07-14,HAY_POINT,VISAKHAPATNAM,Capesize,14.6,12.5
2023-07-14,MAPUTO,VISAKHAPATNAM,Panamax,15.9,12.5
2023-07-14,HAY_POINT,DHAMRA,Capesize,13.9,12.5
2023-07-14,BALIKPAPAN,KAMARAJAR,Supramax,7.9,12.5
2023-07-14,GLADSTONE,PARADIP,Panamax,15.4,12.5
2023-07-14,RICHARDS_BAY,PARADIP,Capesize,15.4,12.5
2023-07-14,NEWCASTLE,DHAMRA,Panamax,16.1,12.5
2023-07-14,TANJUNG_BARA,PARADIP,Supramax,7.6,12.5
2023-07-14,TANJUNG_BARA,DHAMRA,Supramax,8.1,12.5
2023-07-15,BALIKPAPAN,KAMARAJAR,Supramax,6.3,12.5
2023-07-15,RICHARDS_BAY,PARADIP,Capesize,16.4,12.5
2023-07-15,TANJUNG_BARA,PARADIP,Supramax,8.7,12.5
2023-07-15,HAY_POINT,DHAMRA,Capesize,15.5,12.5
2023-07-15,NEWCASTLE,DHAMRA,Panamax,16.2,12.5
2023-07-15,HAY_POINT,VISAKHAPATNAM,Capesize,13.6,12.5
2023-07-15,MAPUTO,VISAKHAPATNAM,Panamax,15.0,12.5
2023-07-15,TANJUNG_BARA,DHAMRA,Supramax,10.9,12.5
2023-07-15,GLADSTONE,PARADIP,Panamax,15.5,12.5
2023-07-15,HAY_POINT,PARADIP,Capesize,14.9,12.5
2023-07-16,TANJUNG_BARA,PARADIP,Supramax,8.6,12.5
2023-07-16,TANJUNG_BARA,DHAMRA,Supramax,8.7,12.5
2023-07-16,RICHARDS_BAY,PARADIP,Capesize,14.3,12.5
2023-07-16,BALIKPAPAN,KAMARAJAR,Supramax,7.1,12.5
2023-07-16,GLADSTONE,PARADIP,Panamax,14.4,12.5
2023-07-16,HAY_POINT,PARADIP,Capesize,14.9,12.5
2023-07-16,HAY_POINT,VISAKHAPATNAM,Capesize,13.1,12.5
2023-07-16,HAY_POINT,DHAMRA,Capesize,14.7,12.5
2023-07-16,NEWCASTLE,DHAMRA,Panamax,15.1,12.5
2023-07-16,MAPUTO,VISAKHAPATNAM,Panamax,13.9,12.5
2023-07-17,TANJUNG_BARA,PARADIP,Supramax,8.5,12.5
2023-07-17,HAY_POINT,VISAKHAPATNAM,Capesize,13.2,12.5
2023-07-17,HAY_POINT,PARADIP,Capesize,13.8,12.5
2023-07-17,BALIKPAPAN,KAMARAJAR,Supramax,8.0,12.5
2023-07-17,MAPUTO,VISAKHAPATNAM,Panamax,15.8,12.5
2023-07-17,RICHARDS_BAY,PARADIP,Capesize,15.4,12.5
2023-07-17,TANJUNG_BARA,DHAMRA,Supramax,8.5,12.5
2023-07-17,HAY_POINT,DHAMRA,Capesize,14.9,12.5
2023-07-17,GLADSTONE,PARADIP,Panamax,14.9,12.5
2023-07-17,NEWCASTLE,DHAMRA,Panamax,16.5,12.5
2023-07-18,NEWCASTLE,DHAMRA,Panamax,17.6,12.5
2023-07-18,HAY_POINT,DHAMRA,Capesize,13.3,12.5
2023-07-18,HAY_POINT,PARADIP,Capesize,14.9,12.5
2023-07-18,TANJUNG_BARA,DHAMRA,Supramax,8.4,12.5
2023-07-18,MAPUTO,VISAKHAPATNAM,Panamax,15.0,12.5
2023-07-18,GLADSTONE,PARADIP,Panamax,15.4,12.5
2023-07-18,HAY_POINT,VISAKHAPATNAM,Capesize,14.3,12.5
2023-07-18,TANJUNG_BARA,PARADIP,Supramax,8.6,12.5
2023-07-18,BALIKPAPAN,KAMARAJAR,Supramax,7.6,12.5
2023-07-18,RICHARDS_BAY,PARADIP,Capesize,15.2,12.5
2023-07-19,RICHARDS_BAY,PARADIP,Capesize,14.0,12.5
2023-07-19,MAPUTO,VISAKHAPATNAM,Panamax,15.9,12.5
2023-07-19,GLADSTONE,PARADIP,Panamax,15.7,12.5
2023-07-19,HAY_POINT,VISAKHAPATNAM,Capesize,15.0,12.5
2023-07-19,HAY_POINT,DHAMRA,Capesize,15.0,12.5
2023-07-19,NEWCASTLE,DHAMRA,Panamax,16.9,12.5
2023-07-19,TANJUNG_BARA,DHAMRA,Supramax,8.5,12.5
2023-07-19,BALIKPAPAN,KAMARAJAR,Supramax,9.3,12.5
2023-07-19,TANJUNG_BARA,PARADIP,Supramax,8.2,12.5
2023-07-19,HAY_POINT,PARADIP,Capesize,13.8,12.5
