vessel_id,vessel_name,imo,mmsi,vessel_class,dwt,loa_m,beam_m,draft_m,design_speed_knots,fuel_consumption_sea_t_day,fuel_consumption_port_t_day,vessel_age_years,status,current_location,eta_days_to_load_port,daily_hire_rate_usd
VSL_9000137,MV BHARAT NAVIGATOR 1,9000137,419000097,Supramax,62865,198.3,33.1,12.31,13.4,21.9,3.2,14,available,East Coast India,6.6,13603.74
VSL_9000274,MV GLOBAL NAVIGATOR 2,9000274,419000194,Capesize,254135,295.3,43.5,17.45,14.5,47.0,4.1,21,available,Indian Ocean,3.3,32059.14
VSL_9000411,MV STEEL VOYAGER 3,9000411,419000291,Supramax,60777,197.0,32.5,12.03,14.7,24.3,2.9,2,available,East Coast India,1.7,15976.85
VSL_9000548,MV STEEL VOYAGER 4,9000548,419000388,Handysize,36460,166.5,28.2,9.62,13.5,18.2,2.3,21,on_voyage,East Coast India,4.6,14082.03
VSL_9000685,MV EASTERN PIONEER 5,9000685,419000485,Handysize,16487,161.1,26.8,9.78,13.1,19.2,2.4,7,available,Australia Coast,1.4,14325.83
VSL_9000822,MV OCEAN VOYAGER 6,9000822,419000582,Panamax,72557,215.1,34.0,14.81,14.9,32.7,3.2,9,available,East Coast India,3.0,16946.82
VSL_9000959,MV STEEL ENTERPRISE 7,9000959,419000679,Supramax,48478,198.2,33.3,13.77,14.0,22.2,3.1,17,available,Indian Ocean,4.1,15652.2
VSL_9001096,MV BHARAT PIONEER 8,9001096,419000776,Handysize,14020,160.8,28.0,9.63,13.5,19.5,2.4,10,available,Indian Ocean,5.2,13926.75
VSL_9001233,MV OCEAN ENTERPRISE 9,9001233,419000873,Panamax,75755,217.6,32.5,13.84,14.4,33.4,3.4,4,on_voyage,Bay of Bengal,2.4,19073.58
VSL_9001370,MV VISHAL FORTUNE 10,9001370,419000970,Panamax,94403,215.2,32.7,14.23,14.1,28.6,3.4,20,available,Bay of Bengal,3.4,16954.62
VSL_9001507,MV GLOBAL PIONEER 11,9001507,419001067,Supramax,46677,197.4,33.5,12.3,14.8,22.9,3.3,10,available,Bay of Bengal,2.4,14295.5
VSL_9001644,MV VISHAL NAVIGATOR 12,9001644,419001164,Supramax,63668,186.1,33.4,13.52,13.6,25.1,2.9,14,available,Bay of Bengal,1.9,16039.35
VSL_9001781,MV GLOBAL TRADER 13,9001781,419001261,Panamax,94324,223.1,31.6,14.82,15.0,30.1,3.2,20,available,Indian Ocean,3.0,17238.82
VSL_9001918,MV EASTERN PIONEER 14,9001918,419001358,Capesize,318580,286.4,46.1,19.03,14.6,48.3,4.3,3,on_voyage,Indian Ocean,2.1,26142.52
VSL_9002055,MV VISHAL CARRIER 15,9002055,419001455,Panamax,93938,236.4,32.3,15.18,15.1,33.7,3.7,15,available,Bay of Bengal,5.0,16604.61
VSL_9002192,MV GLOBAL CARRIER 16,9002192,419001552,Handysize,26363,177.3,28.1,9.45,13.8,17.1,2.4,16,available,Bay of Bengal,4.3,12533.05
VSL_9002329,MV GLOBAL FORTUNE 17,9002329,419001649,Panamax,74264,229.7,34.6,14.37,15.1,30.6,3.4,14,available,East Coast India,5.3,18217.52
VSL_9002466,MV OCEAN NAVIGATOR 18,9002466,419001746,Handysize,29072,164.4,29.3,10.91,14.2,17.5,2.3,20,in_maintenance,Indian Ocean,6.9,10907.55
VSL_9002603,MV STEEL FORTUNE 19,9002603,419001843,Supramax,45390,186.7,32.6,12.75,13.8,25.7,3.3,3,available,Singapore Strait,2.5,15017.39
VSL_9002740,MV EASTERN TRADER 20,9002740,419001940,Supramax,60518,183.4,33.5,13.11,13.7,23.6,2.9,14,available,East Coast India,5.8,16719.83
VSL_9002877,MV GLOBAL NAVIGATOR 21,9002877,419002037,Panamax,92260,237.3,32.1,14.15,13.9,31.5,3.2,11,available,Singapore Strait,6.2,18038.97
VSL_9003014,MV EASTERN NAVIGATOR 22,9003014,419002134,Handysize,19491,173.4,26.8,10.66,13.1,19.7,2.5,18,available,East Coast India,1.8,14260.76
VSL_9003151,MV EASTERN PIONEER 23,9003151,419002231,Panamax,67355,225.0,32.4,14.89,14.1,29.0,3.2,10,available,Singapore Strait,1.9,18038.92
VSL_9003288,MV EASTERN TRADER 24,9003288,419002328,Panamax,89580,231.5,31.8,15.31,14.9,31.3,3.6,10,available,Australia Coast,1.7,18575.0
VSL_9003425,MV VISHAL NAVIGATOR 25,9003425,419002425,Handysize,13636,167.8,29.4,9.35,12.7,18.9,2.7,8,available,Singapore Strait,4.7,13006.6
VSL_9003562,MV OCEAN VOYAGER 26,9003562,419002522,Handysize,21488,175.6,27.5,10.71,13.8,16.8,2.3,14,available,Indian Ocean,5.8,13164.38
VSL_9003699,MV EASTERN ENTERPRISE 27,9003699,419002619,Panamax,70240,235.3,34.0,14.65,15.0,31.9,3.3,7,available,Australia Coast,1.6,20570.59
VSL_9003836,MV PACIFIC FORTUNE 28,9003836,419002716,Handysize,19930,181.1,25.6,10.63,13.2,16.6,2.6,14,available,Australia Coast,6.8,12679.89
VSL_9003973,MV EASTERN LEADER 29,9003973,419002813,Supramax,54075,194.4,33.6,12.26,13.6,24.4,3.2,13,available,Bay of Bengal,2.4,15413.1
VSL_9004110,MV EASTERN NAVIGATOR 30,9004110,419002910,Panamax,82386,224.7,31.9,13.6,13.8,33.8,3.7,9,available,East Coast India,4.4,20271.25
VSL_9004247,MV GLOBAL NAVIGATOR 31,9004247,419003007,Supramax,47743,188.2,33.4,13.5,14.5,25.4,2.8,11,available,Australia Coast,5.4,16220.4
VSL_9004384,MV BHARAT TRADER 32,9004384,419003104,Panamax,97964,232.2,34.0,15.13,15.0,30.5,3.3,9,available,Australia Coast,1.5,22346.84
VSL_9004521,MV VISHAL ENTERPRISE 33,9004521,419003201,Supramax,49524,200.3,34.5,13.97,14.4,23.4,2.8,17,available,Singapore Strait,3.0,15685.37
VSL_9004658,MV OCEAN ENTERPRISE 34,9004658,419003298,Supramax,50319,194.3,33.7,13.53,14.5,25.2,3.1,6,available,Bay of Bengal,6.2,14673.26
VSL_9004795,MV EASTERN LEADER 35,9004795,419003395,Capesize,104014,304.2,43.7,19.18,14.5,52.7,4.1,13,available,Bay of Bengal,2.3,26273.75
VSL_9004932,MV PACIFIC FORTUNE 36,9004932,419003492,Capesize,273837,289.6,46.4,19.23,15.2,43.8,4.4,4,available,East Coast India,3.8,26768.16
VSL_9005069,MV PACIFIC PIONEER 37,9005069,419003589,Panamax,68565,239.4,34.6,14.8,14.6,29.8,3.7,15,on_voyage,Australia Coast,6.6,19012.34
VSL_9005206,MV GLOBAL LEADER 38,9005206,419003686,Panamax,96331,217.1,34.2,14.5,14.0,30.4,3.7,11,available,Singapore Strait,3.3,22249.0
VSL_9005343,MV VISHAL CARRIER 39,9005343,419003783,Panamax,93664,226.7,32.4,13.95,13.8,33.3,3.7,21,available,Australia Coast,5.4,21003.93
VSL_9005480,MV GLOBAL FORTUNE 40,9005480,419003880,Supramax,46544,185.1,31.7,12.55,13.5,25.8,3.2,2,available,Singapore Strait,4.1,17307.13
